timestamp,approach_edge,probe_count,probe_mean_speed_mps,probe_min_distance_to_stopline_m,probe_max_distance_to_stopline_m
0,1i,0,,,
0,2i,0,,,
0,3i,0,,,
0,4i,0,,,
5,1i,3,24.9346,375.41,385.79
5,2i,1,18.5924,399.64,399.64
5,3i,2,25.7095,374.48,382.59
5,4i,2,24.4689,383.17,384.66
10,1i,3,25.1459,238.87,265.41
10,2i,1,19.0283,305.73,305.73
10,3i,2,25.8824,238.13,262.23
10,4i,3,24.46,262.17,429.62
15,1i,3,24.3495,106.04,146.84
15,2i,1,18.4963,212.56,212.56
15,3i,2,25.4538,102.83,141.06
15,4i,5,24.4199,139.99,455.87
20,1i,3,14.7548,18.56,41.03
20,2i,1,18.3004,118.5,118.5
20,3i,2,14.1994,11.09,37.84
20,4i,7,23.188,24.53,483.3
25,1i,4,7.3215,1.0,480.3
25,2i,2,20.4445,34.66,483.3
25,3i,2,10.6029,2.11,474.59
25,4i,6,23.6338,74.37,429.5
30,1i,4,5.8899,1.0,360.59
30,2i,2,12.6286,1.0,357.26
30,3i,2,9.5804,1.0,380.54
30,4i,7,20.5826,20.56,401.21
35,1i,4,6.2495,1.0,239.02
35,2i,2,12.6789,1.0,231.03
35,3i,1,19.3784,286.36,286.36
35,4i,8,17.6901,9.39,429.72
40,1i,5,8.5535,1.0,474.59
40,2i,3,17.3677,1.0,483.3
40,3i,2,23.4291,193.32,483.3
40,4i,6,15.8267,1.0,293.96
45,1i,5,6.1803,1.0,381.02
45,2i,3,12.6133,1.0,348.99
45,3i,2,22.9087,98.52,347.34
45,4i,7,9.6072,1.0,456.22
50,1i,3,6.2515,1.0,287.53
50,2i,3,17.8654,5.03,430.8
50,3i,3,22.1606,18.13,428.34
50,4i,8,7.9398,1.0,456.89
55,1i,3,6.4517,1.0,193.38
55,2i,3,16.4024,5.0,297.17
55,3i,3,16.3008,1.0,294.18
55,4i,9,8.4229,1.0,407.03
60,1i,4,11.03,1.0,456.31
60,2i,2,13.8752,5.0,160.41
60,3i,4,16.0424,1.0,456.07
60,4i,9,7.525,1.0,286.61
65,1i,4,10.6883,1.0,321.8
65,2i,2,8.1566,5.0,52.0
65,3i,4,10.7342,1.0,323.05
65,4i,11,8.9304,1.0,480.3
70,1i,3,9.2479,1.0,187.76
70,2i,2,1.4023,5.0,11.42
70,3i,4,7.521,1.0,189.7
70,4i,11,6.4534,1.0,377.2
75,1i,4,11.3697,1.0,383.52
75,2i,3,8.1943,5.0,381.89
75,3i,4,5.046,1.0,67.86
75,4i,13,7.8897,1.0,483.3
80,1i,3,18.9563,3.9,456.06
80,2i,3,17.8412,7.34,455.81
80,3i,5,6.2712,1.0,455.68
80,4i,14,8.6931,1.0,403.62
85,1i,3,17.4863,1.0,321.53
85,2i,2,25.0498,141.41,321.86
85,3i,5,4.8913,1.0,334.49
85,4i,15,8.082,1.0,455.43
90,1i,3,14.3672,1.0,187.82
90,2i,2,21.0574,37.96,186.8
90,3i,5,4.8813,1.0,214.21
90,4i,16,6.6324,1.0,383.22
95,1i,4,11.0625,1.0,456.98
95,2i,3,13.3076,1.0,454.29
95,3i,4,12.2003,1.0,456.34
95,4i,12,6.1034,1.0,262.17
100,1i,4,7.6102,1.0,335.42
100,2i,3,8.6415,1.0,359.3
100,3i,4,11.3792,1.0,324.34
100,4i,12,7.5764,1.0,399.51
105,1i,4,6.0916,1.0,214.76
105,2i,3,6.3476,1.0,264.05
105,3i,3,9.2241,1.0,187.23
105,4i,12,7.5175,1.0,432.29
110,1i,4,5.5838,1.0,96.69
110,2i,3,5.8346,1.0,170.86
110,3i,3,5.8575,1.0,72.81
110,4i,11,6.1618,1.0,311.4
115,1i,4,2.4959,1.0,21.66
115,2i,3,4.3524,1.0,96.62
115,3i,3,1.5163,1.0,24.44
115,4i,10,5.3541,1.0,202.53
120,1i,7,8.9641,1.0,416.18
120,2i,5,12.2338,1.0,404.34
120,3i,6,12.43,1.0,407.92
120,4i,11,5.7084,1.0,406.33
125,1i,7,9.0281,1.0,321.44
125,2i,5,11.8737,1.0,268.83
125,3i,5,16.4022,9.21,286.49
125,4i,9,3.5687,1.0,283.97
130,1i,7,9.0543,1.0,225.45
130,2i,5,10.332,1.0,137.31
130,3i,4,20.4949,5.04,165.38
130,4i,9,2.8081,1.0,170.25
135,1i,7,6.9489,1.0,138.55
135,2i,5,5.5247,1.0,46.31
135,3i,4,11.7258,1.02,56.37
135,4i,9,2.7664,1.0,86.43
140,1i,4,5.8413,1.0,75.36
140,2i,3,0.1719,1.0,22.25
140,3i,4,1.4808,1.0,7.17
140,4i,9,1.2289,1.0,77.94
145,1i,5,8.7135,1.0,376.23
145,2i,4,4.7297,1.0,396.84
145,3i,4,0.0006,1.0,5.0
145,4i,11,4.9226,1.0,456.35
150,1i,4,7.2051,1.0,242.89
150,2i,4,4.7237,1.0,301.21
150,3i,4,0.0,1.0,5.0
150,4i,12,6.4397,1.0,407.37
155,1i,4,5.4382,1.0,114.88
155,2i,4,4.4817,1.0,206.85
155,3i,4,0.0,1.0,5.0
155,4i,13,7.1782,1.0,429.41
160,1i,4,2.3134,1.0,43.42
160,2i,4,3.4254,1.0,129.55
160,3i,4,0.0,1.0,5.0
160,4i,15,7.9415,1.0,483.3
165,1i,5,5.4907,1.0,456.06
165,2i,5,5.7226,1.0,454.27
165,3i,5,4.7449,1.0,456.58
165,4i,15,5.646,1.0,350.24
170,1i,4,8.0053,2.29,322.25
170,2i,4,6.8651,4.66,359.46
170,3i,5,4.7174,1.0,335.98
170,4i,16,5.0806,1.0,480.3
175,1i,3,10.2703,1.0,189.25
175,2i,4,13.9086,3.05,483.3
175,3i,5,4.6863,1.0,217.93
175,4i,17,4.9937,1.0,403.13
180,1i,3,6.1762,1.0,73.64
180,2i,4,11.0454,1.01,349.82
180,3i,5,4.3622,1.0,99.88
180,4i,17,3.3989,1.0,282.9
185,1i,3,1.6077,1.0,22.31
185,2i,4,9.9826,1.0,214.73
185,3i,3,3.0383,1.0,27.46
185,4i,16,3.9322,1.86,480.3
190,1i,4,6.7705,1.0,403.24
190,2i,4,7.6542,1.0,87.17
190,3i,3,0.0027,1.0,16.01
190,4i,15,3.8252,4.54,360.67
195,1i,5,10.9532,1.0,483.3
195,2i,5,7.3706,1.0,480.3
195,3i,3,0.0,1.0,16.0
195,4i,16,6.8167,9.0,399.11
200,1i,5,10.6258,1.0,348.78
200,2i,5,4.5367,1.0,370.16
200,3i,3,0.0,1.0,16.0
200,4i,14,5.7409,9.0,304.17
205,1i,5,7.8615,1.0,213.56
205,2i,5,4.2599,1.0,260.5
205,3i,3,0.0,1.0,16.0
205,4i,16,6.4464,9.0,455.82
210,1i,6,7.5537,1.0,480.3
210,2i,6,8.2516,1.0,483.3
210,3i,3,0.0,1.0,16.0
210,4i,18,6.3846,9.0,473.26
215,1i,6,5.7313,1.0,358.39
215,2i,6,7.2569,1.0,349.65
215,3i,1,0.0,16.0,16.0
215,4i,17,5.0612,6.95,381.21
220,1i,6,4.027,1.0,238.17
220,2i,6,5.1558,1.0,214.48
220,3i,1,1.0796,1.29,1.29
220,4i,16,4.4391,1.28,301.78
225,1i,6,3.7391,1.0,117.95
225,2i,6,3.1409,1.0,95.45
225,3i,1,0.0003,1.0,1.0
225,4i,19,6.3453,1.0,432.44
230,1i,5,1.9462,1.0,41.53
230,2i,4,1.3106,1.0,41.28
230,3i,1,0.0,1.0,1.0
230,4i,20,5.9073,1.0,456.95
235,1i,7,6.6976,1.0,437.06
235,2i,4,0.0,1.0,37.09
235,3i,3,16.266,1.0,431.5
235,4i,21,5.26,1.0,474.59
240,1i,7,6.602,1.0,343.49
240,2i,4,0.0,1.0,37.09
240,3i,3,17.1424,1.0,312.26
240,4i,21,3.5905,1.0,380.3
245,1i,7,6.4643,1.0,249.63
245,2i,4,0.0,1.0,37.09
245,3i,3,17.2572,1.0,193.72
245,4i,21,2.0293,1.0,291.94
250,1i,7,5.3147,1.0,156.12
250,2i,4,0.0,1.0,37.09
250,3i,3,10.9465,1.0,82.22
250,4i,22,1.8774,1.0,432.15
255,1i,6,2.5994,1.0,70.61
255,2i,4,0.0,1.0,37.09
255,3i,3,3.1702,1.0,31.81
255,4i,24,3.0131,1.0,457.02
260,1i,6,5.4432,6.71,407.73
260,2i,3,0.8056,2.31,37.09
260,3i,3,0.0,1.0,29.04
260,4i,24,1.8476,1.0,371.6
265,1i,6,5.6341,1.0,284.61
265,2i,2,2.668,2.49,31.52
265,3i,3,0.0,1.0,29.04
265,4i,26,3.0422,1.0,480.3
270,1i,6,4.0837,1.0,163.02
270,2i,2,0.6817,1.0,19.16
270,3i,3,0.0,1.0,29.04
270,4i,28,3.973,1.0,483.3
275,1i,6,2.4389,1.0,64.17
275,2i,2,0.0003,1.0,19.04
275,3i,2,0.0,1.0,29.04
275,4i,27,5.2988,5.0,480.3
280,1i,7,4.2271,1.0,483.3
280,2i,2,0.0,1.0,19.04
280,3i,3,8.3333,1.0,480.3
280,4i,25,3.7661,5.0,359.95
285,1i,7,3.7931,1.0,347.88
285,2i,2,0.0,1.0,19.04
285,3i,3,7.7709,1.0,361.52
285,4i,25,2.6946,4.31,269.49
290,1i,7,3.7657,1.0,214.03
290,2i,2,0.0,1.0,19.04
290,3i,3,7.9614,1.0,240.33
290,4i,26,3.9401,5.0,377.92
295,1i,8,5.807,1.0,375.18
295,2i,2,0.0,1.0,19.04
295,3i,3,7.3786,1.0,119.97
295,4i,25,2.8692,5.0,403.0
300,1i,8,4.1943,1.0,241.0
300,2i,2,0.0,1.0,19.04
300,3i,3,2.7119,1.0,51.29
300,4i,26,2.4804,5.0,455.79
305,1i,8,2.954,1.0,108.77
305,2i,2,0.0,1.0,19.04
305,3i,3,6.3754,29.04,434.81
305,4i,27,3.2547,1.0,480.3
310,1i,8,1.6708,1.0,34.01
310,2i,2,0.0,1.0,19.04
310,3i,3,7.4943,21.82,338.46
310,4i,26,2.7553,1.0,368.92
315,1i,9,2.7315,1.0,383.13
315,2i,2,0.0,1.0,19.04
315,3i,3,7.2298,8.09,242.52
315,4i,26,1.4115,1.0,297.42
320,1i,7,3.333,1.0,262.05
320,2i,2,0.0,1.0,19.04
320,3i,3,5.2165,8.0,156.86
320,4i,28,2.5895,1.0,432.96
325,1i,7,3.4586,1.0,141.77
325,2i,2,0.0,1.0,19.04
325,3i,3,3.6879,8.0,92.54
325,4i,29,2.9806,1.0,455.78
330,1i,7,2.4196,1.0,52.56
330,2i,3,8.8277,1.0,376.24
330,3i,4,8.2316,8.0,375.22
330,4i,30,2.9242,1.0,432.54
335,1i,6,0.0,1.0,34.01
335,2i,3,8.8746,1.0,242.9
335,3i,4,7.4569,8.0,240.74
335,4i,31,2.8201,1.0,430.03
340,1i,6,0.0,1.0,34.01
340,2i,3,6.7737,1.0,123.21
340,3i,4,5.369,8.0,117.07
340,4i,32,2.806,1.0,408.2
345,1i,6,0.0,1.0,34.01
345,2i,3,2.107,1.0,63.6
345,3i,4,1.8544,8.0,51.98
345,4i,32,2.0242,1.0,325.09
350,1i,6,9.5092,6.56,456.05
350,2i,4,12.6139,18.78,456.87
350,3i,5,5.5336,8.0,455.73
350,4i,32,1.3854,1.0,303.07
355,1i,5,11.8034,1.0,322.35
355,2i,4,13.3643,7.79,334.73
355,3i,5,5.2915,8.0,321.21
355,4i,32,0.7649,1.0,302.84
360,1i,5,10.7322,1.0,188.65
360,2i,4,12.2347,5.02,215.29
360,3i,5,5.5092,8.0,186.25
360,4i,34,1.5054,1.0,483.3
365,1i,5,6.7207,1.0,79.31
365,2i,4,9.2761,5.0,101.16
365,3i,5,3.012,8.0,82.95
365,4i,32,1.7404,1.0,473.26
370,1i,5,2.529,1.0,35.01
370,2i,4,5.6314,5.0,43.77
370,3i,5,0.3202,8.0,47.05
370,4i,31,3.2494,1.0,483.3
375,1i,6,4.5591,1.0,401.28
375,2i,4,0.0823,1.0,43.76
375,3i,5,0.0,8.0,47.05
375,4i,30,2.0433,1.0,374.78
380,1i,6,4.4919,1.0,264.95
380,2i,4,0.0001,1.0,43.76
380,3i,5,0.0,8.0,47.05
380,4i,30,1.8505,1.0,324.16
385,1i,6,4.0764,1.0,133.24
385,2i,4,0.0,1.0,43.76
385,3i,5,0.0,8.0,47.05
385,4i,32,2.6281,1.0,407.09
390,1i,7,5.2099,1.0,432.36
390,2i,4,0.0,1.0,43.76
390,3i,6,4.4123,8.0,429.44
390,4i,31,1.8898,1.0,351.06
395,1i,7,3.7615,1.0,304.56
395,2i,4,0.0,1.0,43.76
395,3i,5,5.3858,22.0,294.88
395,4i,29,1.3214,1.0,330.81
400,1i,8,5.6045,1.0,399.9
400,2i,4,0.0,1.0,43.76
400,3i,6,8.9271,2.83,399.59
400,4i,30,1.6779,1.0,404.81
405,1i,8,4.177,1.0,304.79
405,2i,4,0.0,1.0,43.76
405,3i,6,6.8065,1.0,305.64
405,4i,31,1.8154,1.0,412.41
410,1i,7,6.5536,1.0,403.6
410,2i,2,0.0,5.0,43.76
410,3i,7,7.4895,1.0,402.42
410,4i,32,1.86,1.0,403.02
415,1i,7,6.0184,1.0,268.78
415,2i,2,0.0,5.0,43.76
415,3i,7,6.261,1.0,267.41
415,4i,35,3.0026,1.0,420.85
420,1i,8,7.7938,1.0,455.93
420,2i,2,0.0,5.0,43.76
420,3i,7,5.2081,1.0,133.52
420,4i,35,2.1649,1.0,371.81
425,1i,8,5.4825,1.0,322.13
425,2i,2,0.0,5.0,43.76
425,3i,7,2.2836,1.0,37.65
425,4i,36,2.3908,1.0,483.3
430,1i,8,6.8054,1.0,374.95
430,2i,2,0.0,5.0,43.76
430,3i,7,0.1748,1.0,37.05
430,4i,37,2.0937,1.0,437.4
435,1i,8,5.1653,1.0,242.29
435,2i,2,0.0,5.0,43.76
435,3i,7,0.0,1.0,37.05
435,4i,39,2.1999,1.0,455.68
440,1i,7,3.3826,13.22,120.81
440,2i,1,0.0,43.76,43.76
440,3i,7,0.0,1.0,37.05
440,4i,39,1.2642,1.0,386.54
445,1i,7,6.5078,2.87,406.74
445,2i,1,1.0822,42.43,42.43
445,3i,8,2.4073,1.0,418.13
445,4i,40,1.5957,1.0,456.07
450,1i,7,5.3732,1.0,284.57
450,2i,1,2.6175,31.4,31.4
450,3i,8,2.2871,1.0,323.67
450,4i,40,1.2839,1.0,386.48
455,1i,7,3.8595,1.0,165.81
455,2i,1,0.2905,23.1,23.1
455,3i,6,3.1871,1.0,228.16
455,4i,38,1.3136,7.9,386.48
460,1i,7,2.0357,1.0,69.6
460,2i,1,0.0001,23.04,23.04
460,3i,6,2.694,1.0,138.36
460,4i,36,2.0061,0.71,483.3
465,1i,8,3.6231,1.0,483.3
465,2i,3,16.6667,23.04,480.3
465,3i,7,5.253,1.0,483.3
465,4i,34,1.8704,2.49,450.39
470,1i,8,3.4675,1.0,347.42
470,2i,3,16.178,23.04,361.13
470,3i,7,4.1428,1.0,348.16
470,4i,34,1.8625,29.08,465.49
475,1i,8,3.2852,1.0,214.24
475,2i,3,15.7478,23.04,242.92
475,3i,7,3.8983,1.0,211.11
475,4i,33,0.8178,29.08,415.15
480,1i,8,2.8016,1.0,84.71
480,2i,3,15.328,23.04,122.08
480,3i,7,2.2664,1.0,103.79
480,4i,36,1.7861,29.08,440.03
485,1i,8,1.1957,1.0,37.72
485,2i,3,9.1581,23.04,34.67
485,3i,6,2.5174,4.92,53.76
485,4i,36,1.4883,6.15,414.43
490,1i,8,0.0,1.0,37.72
490,2i,4,7.3537,1.07,429.57
490,3i,5,2.2993,1.02,53.45
490,4i,36,1.139,1.0,406.87
495,1i,8,0.0,1.0,37.72
495,2i,4,6.675,1.0,295.96
495,3i,5,0.9406,1.0,45.22
495,4i,36,0.9426,1.0,406.51
500,1i,6,0.0,1.0,37.72
500,2i,2,11.7675,23.04,165.43
500,3i,5,0.3058,1.0,35.16
500,4i,37,1.3522,1.0,409.96
505,1i,7,3.5232,1.0,455.64
505,2i,3,12.7976,23.04,455.84
505,3i,6,4.5227,1.0,456.18
505,4i,37,0.8826,1.0,406.48
510,1i,7,3.5512,1.0,334.88
510,2i,3,9.1313,23.04,323.05
510,3i,6,4.4949,1.0,322.28
510,4i,38,1.0738,1.0,417.77
515,1i,8,5.4663,1.0,416.1
515,2i,3,9.0284,23.04,190.53
515,3i,6,4.6152,1.0,187.26
515,4i,39,1.2767,1.0,471.63
520,1i,8,4.5184,1.0,320.67
520,2i,3,5.9228,23.04,92.42
520,3i,6,2.4638,1.0,85.35
520,4i,39,1.0211,1.0,446.6
525,1i,8,3.9348,1.0,227.35
525,2i,3,3.6732,20.31,68.76
525,3i,7,5.1171,1.0,430.17
525,4i,40,1.2456,1.0,446.53
530,1i,7,1.8815,1.0,152.77
530,2i,3,0.07,1.03,68.76
530,3i,7,3.7984,1.0,296.87
530,4i,41,1.4142,1.0,446.53
535,1i,7,2.5032,0.18,100.41
535,2i,4,6.0273,1.0,474.59
535,3i,8,6.7779,1.0,483.3
535,4i,41,1.2359,1.0,446.53
540,1i,7,0.9973,0.18,69.81
540,2i,4,4.8172,1.0,380.91
540,3i,8,5.49,1.0,348.63
540,4i,42,1.466,1.0,456.69
545,1i,7,0.3778,0.18,52.3
545,2i,5,9.5448,1.0,403.62
545,3i,5,5.4106,1.0,214.8
545,4i,40,1.6154,3.6,446.53
550,1i,7,0.0089,0.18,48.64
550,2i,5,8.7712,1.0,273.76
550,3i,5,3.3954,1.0,103.1
550,4i,39,1.459,1.36,446.53
555,1i,7,0.0,0.18,48.61
555,2i,5,6.1921,1.0,166.07
555,3i,5,0.5954,1.0,60.22
555,4i,37,1.6353,15.04,480.3
560,1i,7,0.0,0.18,48.61
560,2i,5,4.7169,1.0,83.58
560,3i,5,0.0021,1.0,57.43
560,4i,38,2.2011,15.04,483.3
565,1i,7,0.0,0.18,48.61
565,2i,5,1.8378,1.0,64.94
565,3i,5,0.0,1.0,57.43
565,4i,36,1.1458,15.04,446.07
570,1i,7,0.0,0.18,48.61
570,2i,5,0.0008,1.0,64.76
570,3i,5,0.0,1.0,57.43
570,4i,36,1.1179,15.04,444.6
575,1i,7,0.0,0.18,48.61
575,2i,5,0.0,1.0,64.76
575,3i,3,0.0,16.0,57.43
575,4i,38,1.5478,12.54,472.23
580,1i,7,0.0,0.18,48.61
580,2i,5,0.0,1.0,64.76
580,3i,3,1.5789,1.21,57.43
580,4i,37,1.1082,2.16,469.47
585,1i,8,3.4069,0.18,375.18
585,2i,6,3.1138,1.0,399.89
585,3i,4,6.2393,1.0,384.62
585,4i,38,1.4065,1.0,465.87
590,1i,7,3.8525,0.18,241.85
590,2i,4,4.5732,1.0,306.79
590,3i,4,6.5516,1.0,263.14
590,4i,38,1.1711,1.0,462.27
595,1i,7,2.526,0.18,126.66
595,2i,4,4.8579,1.0,211.76
595,3i,4,5.6829,1.0,144.82
595,4i,38,1.0149,1.0,460.52
600,1i,7,2.2816,0.18,48.61
600,2i,4,4.5996,1.0,123.92
600,3i,4,2.2624,1.0,71.9
600,4i,38,0.8768,1.0,460.22
605,1i,6,0.0,0.18,48.61
605,2i,4,3.6719,1.0,64.76
605,3i,4,0.0044,1.0,60.47
605,4i,39,1.2919,1.0,460.2
610,1i,6,0.0,0.18,48.61
610,2i,3,0.0,1.0,64.76
610,3i,4,0.0,1.0,60.47
610,4i,39,1.0857,1.0,460.2
615,1i,6,0.0,0.18,48.61
615,2i,3,0.0,1.0,64.76
615,3i,4,0.0,1.0,60.47
615,4i,40,1.3179,1.0,460.2
620,1i,4,0.3285,6.87,48.61
620,2i,2,0.0,46.72,64.76
620,3i,5,3.888,1.0,474.59
620,4i,41,2.2509,1.0,456.23
625,1i,3,3.3654,2.89,47.97
625,2i,2,0.4439,45.83,64.76
625,3i,5,3.7947,1.0,380.9
625,4i,41,2.6027,1.0,449.46
630,1i,4,6.7397,1.0,408.27
630,2i,2,1.8749,32.81,59.6
630,3i,5,3.7548,1.0,285.33
630,4i,41,2.3334,1.0,447.52
635,1i,4,6.1809,1.0,286.66
635,2i,2,0.911,27.75,48.64
635,3i,5,3.858,1.0,189.38
635,4i,38,2.0853,15.67,443.7
640,1i,4,5.649,1.0,166.25
640,2i,3,8.1088,27.71,456.09
640,3i,5,3.1573,1.0,103.37
640,4i,37,1.4246,0.21,439.26
645,1i,4,2.3476,1.0,93.63
645,2i,3,8.0466,27.71,335.37
645,3i,5,3.6006,1.0,60.47
645,4i,37,0.9257,8.43,479.08
650,1i,4,0.0016,1.0,77.51
650,2i,3,8.1536,27.71,214.58
650,3i,4,0.0,1.0,60.47
650,4i,36,0.7135,5.74,474.69
655,1i,4,0.0,1.0,77.51
655,2i,3,7.7958,27.71,94.3
655,3i,5,5.4248,1.0,374.79
655,4i,38,0.8154,5.7,480.3
660,1i,5,5.4264,1.0,429.2
660,2i,3,3.5302,16.96,45.76
660,3i,5,5.377,1.0,240.58
660,4i,38,0.6243,5.7,476.56
665,1i,5,5.3611,1.0,296.07
665,2i,3,0.0332,1.05,45.76
665,3i,4,4.4377,17.31,128.81
665,4i,39,1.2595,0.85,483.3
670,1i,5,4.3822,1.0,167.82
670,2i,3,0.0,1.0,45.76
670,3i,4,1.3766,1.0,80.03
670,4i,38,0.9672,13.7,470.19
675,1i,5,3.6971,1.0,78.35
675,2i,4,6.859,1.0,455.86
675,3i,4,1.341,1.0,78.11
675,4i,38,1.0761,2.35,464.11
680,1i,5,2.8649,1.0,77.51
680,2i,3,8.8056,27.71,323.15
680,3i,4,0.7651,1.0,71.45
680,4i,38,0.6972,1.0,458.59
685,1i,4,0.0,1.0,77.51
685,2i,3,8.2206,27.71,190.59
685,3i,4,0.1503,1.0,62.7
685,4i,39,0.6019,1.0,479.11
690,1i,4,0.0,1.0,77.51
690,2i,3,3.7454,27.71,107.56
690,3i,4,0.0118,1.0,61.82
690,4i,40,0.5718,1.0,478.34
695,1i,4,0.0,1.0,77.51
695,2i,3,0.011,27.71,90.5
695,3i,4,0.0001,1.0,61.76
695,4i,40,0.4083,1.0,478.28
700,1i,6,8.9506,1.0,405.42
700,2i,5,10.1351,27.71,407.63
700,3i,5,5.302,1.0,402.03
700,4i,40,0.4046,1.0,478.28
705,1i,6,8.9268,1.0,271.49
705,2i,5,10.0179,27.71,289.29
705,3i,5,5.3135,1.0,268.72
705,4i,40,0.3699,1.0,478.28
710,1i,4,11.4819,28.72,152.4
710,2i,5,9.1175,27.71,169.67
710,3i,5,4.1819,1.0,144.17
710,4i,40,0.2118,1.0,478.28
715,1i,4,5.8211,21.08,100.65
715,2i,5,8.7973,6.7,90.47
715,3i,5,3.3843,1.0,61.76
715,4i,41,0.8238,1.0,478.28
720,1i,5,4.1718,1.0,474.59
720,2i,5,3.2703,1.01,89.97
720,3i,5,0.8188,1.0,61.76
720,4i,41,0.7017,1.0,478.28
725,1i,5,4.5001,1.0,380.54
725,2i,5,0.6409,1.0,79.59
725,3i,4,0.0,1.0,61.76
725,4i,40,0.5136,8.25,478.28
730,1i,5,3.9491,1.0,286.89
730,2i,5,0.2064,1.0,67.2
730,3i,4,0.0,1.0,61.76
730,4i,41,1.0817,8.25,478.28
735,1i,5,3.6536,1.0,193.1
735,2i,5,0.0161,1.0,63.88
735,3i,4,0.0,1.0,61.76
735,4i,41,1.0237,8.25,478.28
740,1i,6,6.1536,1.0,376.95
740,2i,5,0.0003,1.0,63.76
740,3i,4,0.0,1.0,61.76
740,4i,40,0.6547,8.25,478.28
745,1i,7,8.4294,1.0,429.39
745,2i,6,3.9552,1.0,432.78
745,3i,5,4.7636,1.0,431.75
745,4i,40,0.504,8.25,478.28
750,1i,7,6.1194,1.0,296.32
750,2i,6,4.138,1.0,310.83
750,3i,5,4.9168,1.0,309.53
750,4i,41,1.0216,8.25,483.3
755,1i,7,5.2596,1.0,172.5
755,2i,7,7.5385,1.0,483.3
755,3i,4,5.9544,25.72,186.49
755,4i,41,0.4632,1.0,478.28
760,1i,7,1.4257,1.0,107.89
760,2i,7,5.5003,1.0,348.76
760,3i,4,4.4425,16.45,100.93
760,4i,41,1.1286,1.0,480.3
765,1i,7,0.0019,1.0,100.22
765,2i,7,3.9778,1.0,212.48
765,3i,4,0.9076,9.05,80.87
765,4i,41,1.2499,1.0,478.27
770,1i,6,0.9552,0.65,100.22
770,2i,6,8.2199,1.0,407.82
770,3i,4,0.7157,9.0,79.02
770,4i,41,0.9229,1.0,478.19
775,1i,6,4.5226,13.71,456.16
775,2i,6,5.8185,0.34,287.7
775,3i,5,4.2228,9.0,453.89
775,4i,42,0.8095,1.0,478.02
780,1i,6,4.3387,13.71,322.35
780,2i,5,4.4069,1.0,168.27
780,3i,5,3.9859,9.0,357.98
780,4i,42,0.8583,1.0,477.85
785,1i,6,3.8624,13.71,193.31
785,2i,5,1.6069,1.0,100.1
785,3i,5,3.7462,9.0,262.72
785,4i,43,0.9363,1.0,477.46
790,1i,6,2.5319,13.71,107.29
790,2i,6,4.1734,1.0,480.3
790,3i,6,5.9425,9.0,473.26
790,4i,43,0.8427,1.0,476.5
795,1i,6,2.2145,13.71,100.22
795,2i,6,3.987,1.0,361.22
795,3i,6,5.3943,9.0,378.06
795,4i,45,1.5237,1.0,475.7
800,1i,6,0.3518,1.03,100.22
800,2i,5,5.1059,18.39,238.34
800,3i,6,4.7146,9.0,282.78
800,4i,45,1.3222,1.0,475.37
805,1i,5,0.0912,1.0,100.22
805,2i,5,3.7959,1.97,136.72
805,3i,6,3.2962,9.0,198.84
805,4i,46,1.2097,1.0,475.29
810,1i,5,0.9472,1.0,99.78
810,2i,5,0.9748,1.0,99.32
810,3i,6,1.8778,5.21,136.17
810,4i,47,1.6672,1.0,475.28
815,1i,7,7.2354,1.0,436.93
815,2i,7,8.3187,1.0,430.32
815,3i,7,8.7036,9.0,429.77
815,4i,44,1.1545,5.0,475.28
820,1i,7,6.8532,1.0,343.35
820,2i,7,8.4031,1.0,298.35
820,3i,7,8.0271,9.0,295.53
820,4i,43,0.8234,5.0,475.28
825,1i,7,6.1128,1.0,249.12
825,2i,7,6.6862,1.0,165.98
825,3i,7,6.9592,9.0,167.29
825,4i,43,0.5471,5.0,475.28
830,1i,7,3.8211,1.0,161.55
830,2i,7,3.633,1.0,97.02
830,3i,7,3.7984,9.0,98.39
830,4i,43,0.3838,5.0,475.28
835,1i,7,2.2538,1.0,88.52
835,2i,7,0.7704,1.0,87.48
835,3i,6,0.0006,9.0,89.1
835,4i,42,0.0215,5.0,475.28
840,1i,8,4.3441,1.0,377.49
840,2i,8,3.4726,1.0,375.01
840,3i,6,0.0,9.0,89.1
840,4i,43,0.5961,5.0,475.19
845,1i,8,3.3957,1.0,244.0
845,2i,8,3.3222,1.0,243.26
845,3i,6,0.2417,7.55,89.1
845,4i,43,1.222,24.01,474.88
850,1i,8,2.0431,1.0,135.22
850,2i,8,2.0973,1.0,134.21
850,3i,5,0.5972,20.48,89.1
850,4i,43,0.9061,23.19,474.33
855,1i,9,2.3802,1.0,398.53
855,2i,8,0.3473,1.0,92.32
855,3i,6,3.4238,15.06,396.38
855,4i,43,1.3486,18.03,473.57
860,1i,8,5.3726,35.76,456.57
860,2i,7,0.0,1.0,91.43
860,3i,7,6.0788,15.04,455.58
860,4i,44,1.2686,17.01,480.24
865,1i,8,5.2147,35.76,337.25
865,2i,7,0.0,1.0,91.43
865,3i,7,5.6492,15.04,360.87
865,4i,44,0.4038,15.72,479.83
870,1i,8,5.2215,35.76,215.65
870,2i,7,0.0,1.0,91.43
870,3i,7,5.2031,15.04,265.67
870,4i,45,0.6052,15.71,479.47
875,1i,9,5.9396,35.76,382.93
875,2i,7,0.0,1.0,91.43
875,3i,8,7.6458,15.04,376.76
875,4i,45,0.5582,15.71,479.33
880,1i,8,3.0927,35.76,262.3
880,2i,7,0.0,1.0,91.43
880,3i,8,5.0189,1.28,241.43
880,4i,46,0.8341,15.71,479.29
885,1i,9,5.7226,35.76,402.13
885,2i,7,0.0,1.0,91.43
885,3i,8,3.3101,1.0,109.58
885,4i,46,0.6934,15.71,479.28
890,1i,10,6.7601,35.76,480.3
890,2i,6,0.0,45.72,91.43
890,3i,9,4.2458,1.0,480.3
890,4i,47,0.9468,15.71,479.28
895,1i,10,4.724,1.0,359.13
895,2i,6,0.1678,44.06,91.43
895,3i,9,2.6208,1.0,360.6
895,4i,47,0.8225,15.71,479.28
900,1i,10,3.5735,1.0,240.51
900,2i,6,0.8805,24.99,91.43
900,3i,9,2.4004,1.0,243.13
900,4i,47,0.4485,15.71,479.28
905,1i,10,2.516,1.0,140.85
905,2i,6,2.6111,19.02,87.21
905,3i,7,2.28,15.04,153.73
905,4i,48,0.8373,15.71,479.28
910,1i,10,2.7096,1.0,99.68
910,2i,7,4.7361,19.0,375.16
910,3i,7,2.5523,15.04,85.09
910,4i,48,0.8444,3.64,479.28
915,1i,10,0.8059,1.0,87.7
915,2i,7,3.9039,19.0,241.53
915,3i,6,0.0,15.04,85.09
915,4i,44,0.5887,17.01,479.28
920,1i,10,0.0086,1.0,85.85
920,2i,7,2.5743,19.0,128.12
920,3i,6,0.0,15.04,85.09
920,4i,44,1.0278,1.6,479.28
925,1i,10,0.0001,1.0,85.76
925,2i,7,0.6257,19.0,78.96
925,3i,6,0.0,15.04,85.09
925,4i,43,1.0713,17.01,479.23
930,1i,12,4.3783,1.0,457.39
930,2i,8,3.3681,19.0,456.35
930,3i,8,6.3043,15.04,457.03
930,4i,43,0.9324,1.0,478.9
935,1i,12,4.455,1.0,322.01
935,2i,8,3.4035,19.0,325.61
935,3i,8,5.5118,12.86,364.26
935,4i,43,0.6929,1.0,477.69
940,1i,12,4.0222,1.0,190.44
940,2i,8,3.2925,19.0,191.78
940,3i,8,4.9626,0.35,275.69
940,4i,45,1.3275,1.0,482.69
945,1i,12,2.1736,1.0,111.7
945,2i,8,2.2394,19.0,96.51
945,3i,8,3.6547,0.35,189.02
945,4i,45,0.7546,1.0,480.76
950,1i,10,1.6112,15.04,96.79
950,2i,8,1.8644,17.23,76.72
950,3i,8,2.5367,0.35,124.48
950,4i,47,1.5829,1.0,483.3
955,1i,9,0.0,15.04,96.77
955,2i,8,3.2959,19.0,403.92
955,3i,9,4.867,0.35,403.07
955,4i,47,1.4651,1.0,479.32
960,1i,9,0.0,15.04,96.77
960,2i,8,3.443,19.0,267.92
960,3i,9,3.2055,0.35,269.32
960,4i,49,1.646,1.0,483.29
965,1i,9,0.0,15.04,96.77
965,2i,8,2.3517,19.0,150.32
965,3i,9,1.9132,0.35,160.07
965,4i,49,1.2169,1.0,483.28
970,1i,10,1.9264,15.04,415.73
970,2i,8,0.6268,19.0,97.65
970,3i,9,0.3813,0.35,115.5
970,4i,49,0.9808,1.0,483.28
975,1i,11,4.2555,15.04,483.3
975,2i,8,0.0009,19.0,94.77
975,3i,10,2.5,0.35,480.3
975,4i,50,0.8778,1.0,483.28
980,1i,11,4.0928,12.7,347.56
980,2i,8,0.0,19.0,94.77
980,3i,10,2.3655,0.35,359.92
980,4i,50,1.547,1.0,476.27
985,1i,10,4.5655,30.46,214.63
985,2i,8,0.4777,2.3,94.77
985,3i,10,2.3781,0.35,239.55
985,4i,52,1.6292,1.0,473.54
990,1i,11,5.5453,15.46,409.24
990,2i,9,4.1251,1.0,402.46
990,3i,10,1.3807,0.35,145.37
990,4i,52,0.7692,1.0,465.7
995,1i,11,3.5549,4.03,289.51
995,2i,9,3.7245,1.0,265.74
995,3i,9,0.0223,0.35,117.93
995,4i,51,0.7646,1.0,462.45
1000,1i,11,3.1196,1.0,168.48
1000,2i,9,3.5434,1.0,131.36
1000,3i,9,0.0,0.35,117.87
1000,4i,49,1.5532,1.0,458.62
1005,1i,11,1.929,1.0,90.49
1005,2i,9,1.6886,1.0,79.36
1005,3i,9,0.0,0.35,117.87
1005,4i,48,2.2253,1.0,454.89
1010,1i,12,2.8221,1.0,375.43
1010,2i,9,0.14,1.0,76.8
1010,3i,9,0.0,0.35,117.87
1010,4i,46,2.0007,1.0,452.33
1015,1i,12,2.24,1.0,242.64
1015,2i,9,0.0,1.0,76.76
1015,3i,9,0.0,0.35,117.87
1015,4i,45,1.8021,1.0,449.21
1020,1i,12,1.3827,1.0,133.12
1020,2i,9,0.0,1.0,76.76
1020,3i,9,0.0,0.35,117.87
1020,4i,45,1.5762,1.0,445.95
1025,1i,12,1.1595,1.0,83.73
1025,2i,9,0.0,1.0,76.76
1025,3i,8,0.0,18.35,117.87
1025,4i,44,1.3271,10.52,483.3
1030,1i,12,0.0779,1.0,83.73
1030,2i,9,0.0,1.0,76.76
1030,3i,8,0.4865,2.1,117.87
1030,4i,44,0.9336,1.0,477.96
1035,1i,12,0.0002,1.0,83.73
1035,2i,9,0.0,1.0,76.76
1035,3i,8,0.803,1.0,117.87
1035,4i,44,0.6034,1.0,472.4
1040,1i,10,0.2793,7.86,83.73
1040,2i,8,0.0,1.0,76.76
1040,3i,8,1.0239,1.0,117.86
1040,4i,44,0.4275,1.0,469.48
1045,1i,11,4.7973,15.0,483.3
1045,2i,9,3.0856,1.0,483.3
1045,3i,9,2.8132,1.0,474.59
1045,4i,46,1.2372,1.0,483.3
1050,1i,11,4.1041,15.0,384.54
1050,2i,9,2.9559,1.0,349.0
1050,3i,9,2.5625,1.0,379.73
1050,4i,46,1.0605,1.0,468.99
1055,1i,11,4.0461,15.0,295.14
1055,2i,9,2.8242,1.0,214.92
1055,3i,9,2.1018,1.0,287.11
1055,4i,47,1.2053,1.0,473.26
1060,1i,11,3.6009,15.0,210.42
1060,2i,9,1.3122,1.0,128.54
1060,3i,9,1.7167,1.0,199.16
1060,4i,47,1.1848,1.0,468.99
1065,1i,11,2.0883,9.56,124.69
1065,2i,9,0.008,1.0,107.51
1065,3i,9,0.9935,1.0,140.53
1065,4i,47,0.8952,1.0,468.99
1070,1i,12,3.4148,1.0,433.14
1070,2i,9,2.6309,21.71,432.53
1070,3i,9,0.2136,1.0,116.09
1070,4i,48,0.8026,1.0,468.99
1075,1i,11,3.2299,1.0,313.38
1075,2i,9,4.5657,2.69,311.85
1075,3i,9,0.0001,1.0,115.52
1075,4i,48,0.6152,1.0,468.99
1080,1i,11,2.9143,1.0,193.84
1080,2i,9,3.1674,1.0,192.4
1080,3i,9,0.0,1.0,115.52
1080,4i,48,0.5266,1.0,468.99
1085,1i,12,3.5691,1.0,429.77
1085,2i,10,3.8742,1.0,432.58
1085,3i,10,1.9063,1.0,436.89
1085,4i,46,0.311,1.0,468.99
1090,1i,12,2.4757,1.0,294.92
1090,2i,10,2.7971,1.0,310.39
1090,3i,10,1.8879,1.0,342.96
1090,4i,46,0.5063,1.0,468.99
1095,1i,12,1.8579,1.0,172.37
1095,2i,11,4.5192,1.0,384.58
1095,3i,10,1.9317,1.0,247.03
1095,4i,44,0.7675,1.0,468.99
1100,1i,12,1.5011,1.0,92.85
1100,2i,11,3.5925,1.0,262.28
1100,3i,10,1.7732,1.0,160.7
1100,4i,43,0.9252,1.0,468.93
1105,1i,13,2.7905,1.0,428.61
1105,2i,11,2.7929,1.0,151.8
1105,3i,11,3.2818,1.0,434.95
1105,4i,43,0.7853,1.0,468.48
1110,1i,13,2.0669,1.0,295.42
1110,2i,11,0.4429,1.0,100.05
1110,3i,11,2.5209,1.0,339.44
1110,4i,43,0.6189,1.0,467.17
1115,1i,14,3.7144,1.0,455.43
1115,2i,11,0.0001,1.0,97.77
1115,3i,11,4.2456,1.0,455.77
1115,4i,42,0.557,21.71,465.38
1120,1i,14,2.8333,1.0,335.19
1120,2i,11,0.0,1.0,97.77
1120,3i,11,4.5415,1.0,319.45
1120,4i,44,0.9398,18.6,480.2
1125,1i,14,1.9794,1.0,216.48
1125,2i,12,2.3123,1.0,402.28
1125,3i,11,3.9036,1.0,199.64
1125,4i,45,0.9901,9.04,479.67
1130,1i,10,1.2883,1.0,129.77
1130,2i,11,2.476,1.0,266.53
1130,3i,11,1.667,1.0,143.74
1130,4i,46,1.3274,9.0,479.12
1135,1i,10,0.0022,1.0,105.78
1135,2i,11,1.5644,1.0,153.42
1135,3i,11,0.553,1.0,138.93
1135,4i,46,1.1416,9.0,478.46
1140,1i,10,0.0,1.0,105.77
1140,2i,11,1.694,1.0,97.77
1140,3i,11,0.3223,1.0,134.79
1140,4i,47,1.2111,9.0,477.81
1145,1i,10,0.0,1.0,105.77
1145,2i,10,0.0,1.0,97.77
1145,3i,11,0.2023,1.0,127.02
1145,4i,47,1.2874,9.0,477.25
1150,1i,10,0.0,1.0,105.77
1150,2i,10,0.0,1.0,97.77
1150,3i,11,0.0671,1.0,120.87
1150,4i,48,1.537,9.0,483.3
1155,1i,10,0.0,1.0,105.77
1155,2i,10,0.0,1.0,97.77
1155,3i,11,0.0009,1.0,120.24
1155,4i,48,0.9145,9.0,477.0
1160,1i,9,0.3359,9.32,105.77
1160,2i,9,0.5008,3.01,97.77
1160,3i,11,0.0,1.0,120.23
1160,4i,48,0.8208,9.0,476.99
1165,1i,10,5.5007,19.13,399.39
1165,2i,8,4.3437,3.68,385.31
1165,3i,13,3.5094,1.0,401.01
1165,4i,49,1.0951,9.0,476.99
1170,1i,10,5.3128,12.03,305.89
1170,2i,8,3.5182,1.0,266.41
1170,3i,13,3.5108,1.0,305.62
1170,4i,49,0.7112,9.0,476.99
1175,1i,10,4.0876,12.0,212.85
1175,2i,8,3.0701,1.0,153.37
1175,3i,11,3.1639,1.0,214.6
1175,4i,50,0.9354,8.33,476.99
1180,1i,10,3.0156,12.0,148.12
1180,2i,8,2.6838,1.0,90.86
1180,3i,11,2.2688,1.0,155.12
1180,4i,49,0.7325,9.0,476.99
1185,1i,11,3.5448,4.03,456.16
1185,2i,8,1.3511,1.0,81.59
1185,3i,10,0.251,1.0,129.88
1185,4i,48,0.4861,9.0,476.99
1190,1i,11,2.6404,1.01,320.58
1190,2i,8,0.0388,1.0,76.94
1190,3i,10,0.0016,1.0,128.24
1190,4i,47,0.2773,9.0,476.99
1195,1i,11,1.8879,1.0,195.37
1195,2i,8,0.0004,1.0,76.77
1195,3i,10,0.0,1.0,128.23
1195,4i,48,0.5051,9.0,476.8
1200,1i,12,2.8924,1.0,457.04
1200,2i,8,0.0,1.0,76.76
1200,3i,10,0.0,1.0,128.23
1200,4i,48,0.4666,9.0,476.39
1205,1i,12,2.3084,1.0,324.03
1205,2i,8,0.0,1.0,76.76
1205,3i,9,0.105,11.06,128.23
1205,4i,49,0.7871,8.0,475.58
1210,1i,13,3.8254,1.0,402.99
1210,2i,8,0.0,1.0,76.76
1210,3i,10,2.2131,1.0,419.1
1210,4i,49,0.6645,1.0,474.0
1215,1i,13,3.4473,1.0,271.19
1215,2i,8,0.0,1.0,76.76
1215,3i,10,2.2811,1.0,325.21
1215,4i,49,0.4892,1.0,472.92
1220,1i,12,2.6136,12.0,161.31
1220,2i,7,0.0,1.0,76.76
1220,3i,11,3.9873,1.0,456.47
1220,4i,50,1.1051,1.0,472.08
1225,1i,11,0.2389,12.0,120.18
1225,2i,7,0.0,1.0,76.76
1225,3i,11,3.2705,1.0,334.61
1225,4i,51,1.511,1.0,470.7
1230,1i,12,2.0833,12.0,480.3
1230,2i,7,0.0,1.0,76.76
1230,3i,11,2.7386,1.0,212.72
1230,4i,52,0.8245,1.0,483.3
1235,1i,12,1.9775,12.0,359.3
1235,2i,7,0.0,1.0,76.76
1235,3i,11,2.2508,1.0,138.65
1235,4i,52,0.692,1.0,480.9
1240,1i,13,3.8276,12.0,430.16
1240,2i,7,0.0,1.0,76.76
1240,3i,12,2.4172,1.0,437.4
1240,4i,53,0.5889,1.0,483.3
1245,1i,13,3.1315,12.0,294.93
1245,2i,7,0.0,1.0,76.76
1245,3i,12,1.5327,1.0,343.88
1245,4i,53,0.1954,1.0,482.67
1250,1i,13,1.5659,9.9,179.53
1250,2i,5,0.0,17.01,76.76
1250,3i,12,1.4587,1.0,250.22
1250,4i,54,0.5598,1.0,482.34
1255,1i,12,2.6887,2.51,123.77
1255,2i,5,0.8418,7.58,76.76
1255,3i,12,1.3653,1.0,165.82
1255,4i,54,0.4904,1.0,482.29
1260,1i,12,1.5263,1.0,123.77
1260,2i,5,0.7013,5.02,76.7
1260,3i,12,1.2998,1.0,136.94
1260,4i,54,0.3678,1.0,482.28
1265,1i,12,0.2548,1.0,123.77
1265,2i,5,0.8549,5.0,70.81
1265,3i,11,1.176,1.0,136.94
1265,4i,53,0.2979,1.0,482.28
1270,1i,12,0.5731,1.0,123.54
1270,2i,5,0.1397,5.0,65.1
1270,3i,10,0.0,1.0,136.94
1270,4i,54,0.7647,1.0,482.28
1275,1i,12,0.8582,1.0,118.34
1275,2i,5,0.0023,5.0,64.76
1275,3i,10,0.0,1.0,136.94
1275,4i,53,0.5666,1.0,482.28
1280,1i,14,4.1945,1.0,402.19
1280,2i,7,6.5956,5.0,399.16
1280,3i,11,2.48,1.0,375.15
1280,4i,52,0.2178,1.0,482.28
1285,1i,14,3.7523,1.0,266.48
1285,2i,7,6.4843,5.0,305.09
1285,3i,11,2.0157,1.0,246.17
1285,4i,52,0.0056,1.0,482.28
1290,1i,14,2.5435,1.0,161.06
1290,2i,7,5.0994,5.0,213.63
1290,3i,11,1.2788,1.0,159.62
1290,4i,52,0.0052,1.0,482.25
1295,1i,14,1.3621,1.0,118.23
1295,2i,7,4.7825,5.0,123.18
1295,3i,10,1.7592,13.19,136.94
1295,4i,50,0.0055,13.71,482.07
1300,1i,14,0.3165,1.0,116.77
1300,2i,7,2.1917,5.0,64.76
1300,3i,10,1.122,1.1,136.94
1300,4i,51,0.7812,1.19,481.8
1305,1i,14,0.0029,1.0,116.77
1305,2i,7,0.5323,5.0,64.76
1305,3i,10,0.427,1.0,136.94
1305,4i,51,0.7067,1.0,481.51
1310,1i,12,0.0,1.0,116.77
1310,2i,6,0.6694,5.0,64.76
1310,3i,10,0.5594,1.0,136.94
1310,4i,52,0.909,1.0,481.34
1315,1i,13,2.1362,1.0,483.3
1315,2i,5,0.0,5.0,64.76
1315,3i,10,0.3829,1.0,136.37
1315,4i,53,1.0423,1.0,481.29
1320,1i,13,2.0922,1.0,346.18
1320,2i,5,0.0,5.0,64.76
1320,3i,10,0.3097,1.0,131.65
1320,4i,54,1.1721,1.0,481.28
1325,1i,13,1.8134,1.0,215.56
1325,2i,6,3.9371,5.0,433.14
1325,3i,10,0.1685,1.0,125.28
1325,4i,54,0.9473,1.0,481.28
1330,1i,13,1.1827,1.0,128.09
1330,2i,6,4.0675,5.0,314.42
1330,3i,10,0.0218,1.0,123.03
1330,4i,55,1.2389,1.0,481.28
1335,1i,13,1.2546,1.0,116.77
1335,2i,7,5.4697,5.0,456.04
1335,3i,10,0.0005,1.0,122.9
1335,4i,55,0.8436,1.0,481.28
1340,1i,11,0.3649,1.12,116.77
1340,2i,7,4.0172,0.06,362.8
1340,3i,10,0.0,1.0,122.9
1340,4i,55,0.6066,1.0,481.28
1345,1i,10,0.4793,1.0,116.77
1345,2i,6,3.6217,15.27,269.25
1345,3i,10,0.0,1.0,122.9
1345,4i,56,0.6643,1.0,481.28
1350,1i,10,0.3806,1.0,116.77
1350,2i,6,3.7946,15.04,175.03
1350,3i,10,0.0,1.0,122.9
1350,4i,56,0.3909,1.0,481.28
1355,1i,11,2.9482,1.0,457.27
1355,2i,7,5.9161,15.04,455.43
1355,3i,10,2.4811,1.0,455.49
1355,4i,54,0.4612,1.0,481.28
1360,1i,11,3.1875,1.0,323.79
1360,2i,7,4.8395,12.02,335.24
1360,3i,10,2.4539,1.0,337.08
1360,4i,53,0.456,1.0,481.28
1365,1i,11,2.2923,1.0,200.47
1365,2i,7,3.2379,1.0,217.17
1365,3i,10,1.7621,1.0,228.3
1365,4i,53,0.2583,1.0,481.28
1370,1i,11,1.8178,1.0,117.57
1370,2i,7,2.699,1.0,128.62
1370,3i,10,1.4686,1.0,148.55
1370,4i,53,0.1835,1.0,481.27
1375,1i,11,1.2916,1.0,101.86
1375,2i,7,2.091,1.0,126.49
1375,3i,10,1.808,1.0,122.9
1375,4i,54,0.4448,1.0,481.11
1380,1i,11,0.2203,1.0,101.77
1380,2i,7,0.3519,1.0,126.48
1380,3i,10,0.6499,1.0,122.9
1380,4i,54,0.369,1.0,480.14
1385,1i,11,0.0003,1.0,101.77
1385,2i,7,0.0007,1.0,126.48
1385,3i,9,0.1578,1.01,122.9
1385,4i,53,0.435,5.43,483.17
1390,1i,11,0.0,1.0,101.77
1390,2i,7,0.0,1.0,126.48
1390,3i,8,0.4603,1.0,122.9
1390,4i,52,0.24,1.94,482.07
1395,1i,12,2.2413,1.0,401.96
1395,2i,7,0.0,1.0,126.48
1395,3i,10,6.5047,1.0,401.66
1395,4i,53,0.5242,1.0,480.5
1400,1i,10,2.6668,8.0,266.95
1400,2i,5,0.0,15.04,126.48
1400,3i,10,5.3033,1.0,270.09
1400,4i,53,0.4936,1.0,478.68
1405,1i,10,2.7729,8.0,132.23
1405,2i,5,0.0,15.04,126.48
1405,3i,10,4.6271,1.0,186.68
1405,4i,53,0.5172,1.0,477.81
1410,1i,10,1.5684,8.0,101.77
1410,2i,5,0.0,15.04,126.48
1410,3i,10,3.7296,1.0,114.06
1410,4i,54,0.9615,1.0,477.36
1415,1i,9,0.0,8.0,101.77
1415,2i,5,0.0,15.04,126.48
1415,3i,10,1.293,1.0,105.86
1415,4i,54,0.6794,1.0,477.28
1420,1i,9,0.0,8.0,101.77
1420,2i,5,0.0,15.04,126.48
1420,3i,10,0.008,1.0,102.2
1420,4i,54,0.4575,1.0,477.28
1425,1i,9,0.0,8.0,101.77
1425,2i,5,0.0,15.04,126.48
1425,3i,10,0.0,1.0,102.19
1425,4i,56,1.1794,1.0,477.28
1430,1i,9,0.4514,2.17,101.77
1430,2i,5,0.3089,12.96,126.48
1430,3i,10,0.0,1.0,102.19
1430,4i,56,0.8899,1.0,477.28
1435,1i,9,2.9792,2.72,384.2
1435,2i,5,0.6279,1.02,126.48
1435,3i,11,2.2673,1.0,383.72
1435,4i,56,0.6385,1.0,477.28
1440,1i,10,5.3163,1.0,455.84
1440,2i,6,5.2776,1.0,455.76
1440,3i,11,2.1618,1.0,265.1
1440,4i,57,0.664,1.0,477.28
1445,1i,10,4.8417,1.0,336.81
1445,2i,6,4.8124,1.0,318.14
1445,3i,8,1.885,27.75,177.6
1445,4i,58,1.0427,1.0,483.3
1450,1i,10,4.4198,1.0,218.96
1450,2i,7,6.6063,1.0,483.3
1450,3i,8,2.1387,27.75,102.19
1450,4i,58,0.7566,1.0,477.28
1455,1i,10,1.893,1.0,154.96
1455,2i,7,4.668,1.0,348.66
1455,3i,8,2.331,9.73,102.19
1455,4i,57,0.8248,1.0,477.28
1460,1i,10,0.1669,1.0,143.44
1460,2i,7,4.1284,1.0,213.15
1460,3i,7,0.0,27.75,102.19
1460,4i,57,1.145,1.0,477.27
1465,1i,11,2.2003,1.0,408.95
1465,2i,7,3.3621,1.0,143.01
1465,3i,7,0.0,27.75,102.19
1465,4i,55,1.3556,1.0,476.98
1470,1i,12,4.1704,1.0,480.3
1470,2i,7,1.2628,1.0,141.58
1470,3i,7,0.0,27.75,102.19
1470,4i,56,1.3154,1.0,475.82
1475,1i,12,3.2868,1.0,360.1
1475,2i,7,0.0055,1.0,141.45
1475,3i,7,0.0525,27.39,102.19
1475,4i,56,1.4203,1.0,472.71
1480,1i,12,2.2476,1.0,239.69
1480,2i,7,0.0,1.0,141.44
1480,3i,7,1.1186,16.64,102.19
1480,4i,56,1.5757,1.0,468.35
1485,1i,13,3.2937,1.0,483.3
1485,2i,8,3.4712,1.0,483.3
1485,3i,7,0.3283,13.71,102.19
1485,4i,56,1.3101,1.0,464.74
1490,1i,12,3.6828,1.0,348.8
1490,2i,7,3.7249,1.0,350.82
1490,3i,7,0.6095,13.71,101.37
1490,4i,57,1.1572,1.0,481.86
1495,1i,11,1.9744,1.0,222.17
1495,2i,7,2.9942,1.0,226.18
1495,3i,7,0.5823,13.71,96.17
1495,4i,57,0.7618,1.0,481.39
1500,1i,11,0.7017,1.0,155.58
1500,2i,7,1.1635,1.0,158.27
1500,3i,7,0.1918,13.71,88.82
1500,4i,58,1.0482,1.0,481.33
1505,1i,11,0.0014,1.0,147.82
1505,2i,7,0.0003,1.0,149.45
1505,3i,7,0.004,13.71,88.17
1505,4i,58,0.8445,1.0,481.25
1510,1i,12,2.3113,1.0,428.02
1510,2i,8,3.3699,1.0,428.78
1510,3i,9,5.365,13.71,433.17
1510,4i,59,0.9793,1.0,480.38
1515,1i,12,2.1791,1.0,295.49
1515,2i,8,3.369,1.0,295.66
1515,3i,9,5.1333,13.71,319.92
1515,4i,59,0.7498,1.0,478.17
1520,1i,11,1.4337,27.05,188.67
1520,2i,7,2.2253,31.72,189.77
1520,3i,9,3.2511,13.71,224.98
1520,4i,60,1.237,1.0,477.39
1525,1i,11,1.9128,21.46,147.81
1525,2i,7,1.6029,20.27,153.74
1525,3i,9,1.9531,13.71,182.77
1525,4i,60,0.8445,1.0,477.32
1530,1i,11,1.6458,15.05,147.81
1530,2i,7,0.2771,13.71,153.45
1530,3i,9,1.5825,13.71,182.33
1530,4i,61,0.7402,1.0,477.32
1535,1i,12,2.8754,1.0,401.63
1535,2i,8,3.1087,13.71,406.99
1535,3i,8,0.0,13.71,182.33
1535,4i,60,1.5057,1.0,483.3
1540,1i,12,2.2722,1.0,268.88
1540,2i,8,3.2052,13.71,284.53
1540,3i,8,0.0,13.71,182.33
1540,4i,58,1.6645,1.0,473.26
1545,1i,12,1.2634,1.0,180.09
1545,2i,8,2.0962,13.71,188.65
1545,3i,8,0.0,13.71,182.33
1545,4i,54,1.1847,1.0,466.48
1550,1i,13,2.5274,1.0,402.12
1550,2i,9,3.7453,13.71,403.79
1550,3i,9,2.9853,13.71,402.51
1550,4i,55,1.6451,1.0,483.3
1555,1i,13,2.2132,1.0,267.11
1555,2i,9,3.4669,13.71,270.97
1555,3i,10,4.7203,13.71,480.3
1555,4i,53,1.4917,1.0,473.65
1560,1i,13,1.5043,1.0,167.38
1560,2i,9,2.2726,13.71,170.61
1560,3i,10,3.766,13.71,359.28
1560,4i,53,1.2166,1.0,469.28
1565,1i,13,1.159,1.0,143.82
1565,2i,9,1.7516,13.71,139.5
1565,3i,10,3.7356,9.35,248.74
1565,4i,53,1.5521,1.0,467.23
1570,1i,14,1.9901,1.0,396.64
1570,2i,9,0.9539,13.71,139.44
1570,3i,10,4.6652,1.63,382.42
1570,4i,52,1.3935,1.0,464.21
1575,1i,14,1.3575,1.0,301.45
1575,2i,9,0.0,8.0,139.44
1575,3i,10,3.0324,1.0,259.29
1575,4i,53,1.3243,1.0,462.35
1580,1i,13,3.3231,15.04,431.89
1580,2i,9,3.0673,13.71,429.32
1580,3i,11,5.1005,1.0,430.04
1580,4i,53,1.0809,1.0,461.18
1585,1i,13,3.1013,15.04,312.37
1585,2i,9,2.9477,13.71,295.58
1585,3i,11,3.7993,1.0,298.6
1585,4i,54,1.1873,1.0,460.23
1590,1i,14,3.8482,15.04,381.91
1590,2i,10,4.1933,13.71,376.27
1590,3i,11,1.1362,1.0,218.23
1590,4i,54,0.9701,1.0,459.11
1595,1i,14,2.6026,0.06,260.02
1595,2i,10,2.702,13.71,246.31
1595,3i,11,0.0855,1.0,203.29
1595,4i,55,1.2037,1.0,457.82
1600,1i,13,1.2095,15.04,168.02
1600,2i,10,1.4939,13.71,158.21
1600,3i,11,0.2432,1.0,201.45
1600,4i,56,1.3264,1.0,456.14
1605,1i,13,1.3725,15.04,154.81
1605,2i,10,1.7909,13.71,150.45
1605,3i,11,0.3646,1.0,196.72
1605,4i,56,1.0783,1.0,455.65
1610,1i,13,0.9595,11.95,154.81
1610,2i,10,1.2173,7.97,150.45
1610,3i,11,0.2432,1.0,190.98
1610,4i,56,0.7067,1.0,455.61
1615,1i,12,0.5487,1.1,154.81
1615,2i,9,0.4714,1.0,150.45
1615,3i,11,0.034,1.0,187.02
1615,4i,56,0.4472,1.0,455.61
1620,1i,12,0.9726,1.0,154.81
1620,2i,9,0.0124,1.0,150.45
1620,3i,11,0.0007,1.0,186.62
1620,4i,56,0.2116,1.0,455.61
1625,1i,13,1.9712,1.0,453.95
1625,2i,11,4.5985,1.0,457.22
1625,3i,11,4.882,1.0,456.53
1625,4i,53,0.0819,5.0,455.61
1630,1i,13,1.7164,1.0,357.9
1630,2i,11,4.872,1.0,335.14
1630,3i,11,4.6073,1.0,326.87
1630,4i,53,0.6657,5.0,480.3
1635,1i,13,2.0389,1.0,261.96
1635,2i,11,3.7083,1.0,222.58
1635,3i,11,3.8014,1.0,225.06
1635,4i,51,0.9478,5.0,455.61
1640,1i,13,1.8493,1.0,176.99
1640,2i,11,2.5128,1.0,162.07
1640,3i,11,3.5899,1.0,186.62
1640,4i,50,0.8887,5.0,455.47
1645,1i,13,1.6475,1.0,140.22
1645,2i,11,1.8606,1.0,152.53
1645,3i,10,1.4097,1.0,186.62
1645,4i,51,1.8344,5.0,483.3
1650,1i,14,2.7471,1.0,403.22
1650,2i,12,2.7134,1.0,403.9
1650,3i,10,0.6706,1.0,186.62
1650,4i,51,1.4745,1.22,452.81
1655,1i,14,1.9199,1.0,268.57
1655,2i,12,2.1714,1.0,271.57
1655,3i,8,0.0,1.0,186.62
1655,4i,52,1.2519,0.04,482.95
1660,1i,14,0.9165,1.0,176.42
1660,2i,12,1.1433,1.0,178.17
1660,3i,8,0.3763,1.0,186.62
1660,4i,51,1.3501,1.0,479.72
1665,1i,15,1.6313,1.0,431.34
1665,2i,13,2.1577,1.0,428.72
1665,3i,9,3.6343,1.0,428.6
1665,4i,51,1.0488,1.0,475.49
1670,1i,13,1.8374,8.0,310.93
1670,2i,11,2.5109,1.0,295.09
1670,3i,9,2.9886,1.0,296.79
1670,4i,52,1.0629,1.0,473.14
1675,1i,14,3.1488,8.0,376.66
1675,2i,12,3.386,1.0,383.43
1675,3i,10,4.2977,1.0,376.09
1675,4i,52,0.7853,1.0,472.41
1680,1i,14,2.6359,8.0,247.14
1680,2i,12,3.6019,1.0,260.96
1680,3i,10,3.6065,1.0,258.61
1680,4i,52,0.4928,1.0,472.33
1685,1i,15,3.3486,8.0,408.03
1685,2i,12,2.294,1.0,173.77
1685,3i,11,4.2546,1.0,408.81
1685,4i,52,0.3847,1.0,472.32
1690,1i,14,1.6932,8.0,287.78
1690,2i,11,0.0038,1.0,152.76
1690,3i,11,2.7763,1.0,287.18
1690,4i,53,0.65,1.0,472.32
1695,1i,15,3.4051,8.0,455.78
1695,2i,11,0.0,1.0,152.74
1695,3i,11,2.4486,1.0,196.42
1695,4i,54,0.937,1.0,472.32
1700,1i,15,3.2682,1.91,320.2
1700,2i,10,0.386,1.58,152.74
1700,3i,11,1.7001,1.0,190.41
1700,4i,54,0.7616,1.0,472.32
1705,1i,15,4.1438,2.71,375.39
1705,2i,9,0.0,77.72,152.74
1705,3i,11,0.4853,1.0,187.88
1705,4i,54,0.4618,1.0,472.32
1710,1i,15,2.3096,1.0,247.11
1710,2i,9,0.0692,76.96,152.74
1710,3i,11,0.0122,1.0,187.63
1710,4i,54,0.4151,1.0,472.32
1715,1i,15,1.0504,1.0,163.18
1715,2i,9,0.2056,67.64,152.74
1715,3i,8,0.0001,5.0,187.62
1715,4i,52,0.4208,1.0,472.32
1720,1i,16,3.1493,1.0,402.56
1720,2i,10,2.6964,60.12,409.33
1720,3i,8,0.0,5.0,187.62
1720,4i,50,0.6743,1.0,472.32
1725,1i,16,2.7594,1.0,269.38
1725,2i,10,3.0345,59.72,287.37
1725,3i,8,0.0,5.0,187.62
1725,4i,50,1.2087,1.0,472.32
1730,1i,16,1.2172,1.0,183.84
1730,2i,10,2.4219,59.72,191.49
1730,3i,8,0.0,5.0,187.62
1730,4i,49,1.4958,1.0,472.3
1735,1i,16,0.4722,1.0,158.46
1735,2i,10,0.6801,59.72,159.94
1735,3i,8,0.0,5.0,187.62
1735,4i,46,1.2169,1.0,471.88
1740,1i,18,3.3354,1.0,483.3
1740,2i,11,2.9314,59.72,483.3
1740,3i,9,3.0856,5.0,483.3
1740,4i,48,1.4859,1.0,483.3
1745,1i,18,3.029,1.0,354.99
1745,2i,11,2.4993,59.72,351.48
1745,3i,8,3.339,28.72,347.18
1745,4i,47,1.4112,1.0,472.15
1750,1i,18,2.6758,1.0,222.26
1750,2i,11,2.4602,59.72,215.17
1750,3i,8,2.5166,19.38,241.4
1750,4i,47,1.1833,1.0,483.3
1755,1i,18,1.7282,1.0,155.15
1755,2i,11,1.9714,59.72,145.74
1755,3i,8,2.8767,12.07,187.62
1755,4i,48,1.2309,1.0,481.62
1760,1i,16,0.7676,1.0,146.8
1760,2i,11,1.0776,12.96,145.74
1760,3i,8,2.02,12.0,187.62
1760,4i,49,1.444,1.0,481.15
1765,1i,15,0.0,1.0,146.78
1765,2i,11,2.4994,59.72,428.07
1765,3i,8,1.1281,10.29,187.62
1765,4i,50,1.539,1.0,481.04
1770,1i,15,0.0,1.0,146.78
1770,2i,11,2.5034,59.72,292.53
1770,3i,8,0.0938,1.0,187.62
1770,4i,50,1.2543,1.0,481.03
1775,1i,15,0.0,1.0,146.78
1775,2i,11,1.3491,59.72,190.34
1775,3i,8,0.4508,1.0,187.42
1775,4i,51,1.3042,1.0,481.03
1780,1i,15,0.0,1.0,146.78
1780,2i,12,2.3509,59.72,456.81
1780,3i,9,3.282,1.0,456.69
1780,4i,51,0.8449,1.0,481.03
1785,1i,15,0.0,1.0,146.78
1785,2i,12,2.186,59.72,321.55
1785,3i,9,3.0134,1.0,335.7
1785,4i,52,0.9511,1.0,481.03
1790,1i,15,2.0951,8.73,403.46
1790,2i,12,1.4695,59.72,207.75
1790,3i,10,4.1373,1.0,403.59
1790,4i,52,0.6242,1.0,481.03
1795,1i,13,2.4706,4.02,269.87
1795,2i,12,1.2713,59.72,156.74
1795,3i,10,3.7711,1.0,279.51
1795,4i,52,0.391,1.0,481.03
1800,1i,14,2.9327,1.0,428.58
1800,2i,12,1.7447,41.73,156.74
1800,3i,10,2.2394,1.0,209.6
1800,4i,53,0.8422,1.0,478.06
1805,1i,14,2.3835,1.0,295.45
1805,2i,12,0.4215,1.31,156.74
1805,3i,9,1.5377,3.17,199.95
1805,4i,53,1.8541,9.93,474.61
1810,1i,15,4.0784,1.0,480.3
1810,2i,13,2.5191,1.0,483.3
1810,3i,9,3.0856,12.0,483.3
1810,4i,51,2.3247,3.99,465.95
1815,1i,15,3.1761,1.0,360.47
1815,2i,13,2.8848,1.0,357.34
1815,3i,9,2.8985,12.0,348.56
1815,4i,50,2.0311,12.0,480.79
1820,1i,16,3.6124,1.0,407.11
1820,2i,14,3.5306,1.0,418.6
1820,3i,9,1.7478,12.0,244.13
1820,4i,50,1.2603,12.0,483.28
1825,1i,16,2.5601,1.0,288.92
1825,2i,14,2.5589,1.0,324.75
1825,3i,9,0.2237,12.0,206.44
1825,4i,48,0.8503,12.0,480.75
1830,1i,16,1.3506,1.0,190.73
1830,2i,14,1.4597,1.0,236.94
1830,3i,9,0.0001,12.0,203.92
1830,4i,48,0.8986,7.49,477.9
1835,1i,17,2.6536,1.0,428.55
1835,2i,14,1.3888,1.0,150.13
1835,3i,9,0.1249,10.88,203.91
1835,4i,50,1.8742,1.0,483.3
1840,1i,17,2.2368,1.0,293.52
1840,2i,14,1.0482,1.0,146.85
1840,3i,8,0.572,11.07,203.91
1840,4i,49,2.0223,1.0,469.16
1845,1i,17,0.9387,1.0,186.08
1845,2i,14,0.5137,1.0,146.74
1845,3i,8,0.2644,5.06,203.91
1845,4i,51,2.3418,1.0,480.3
1850,1i,16,0.2967,1.0,148.34
1850,2i,12,0.0,38.72,146.74
1850,3i,8,0.0015,5.0,203.91
1850,4i,51,1.8161,1.0,472.23
1855,1i,15,0.0001,1.0,148.07
1855,2i,12,0.0,38.72,146.74
1855,3i,8,0.0342,5.0,203.91
1855,4i,51,1.296,1.0,471.45
1860,1i,16,1.3829,1.0,385.58
1860,2i,13,1.4935,38.72,398.87
1860,3i,11,7.069,5.0,384.04
1860,4i,51,0.6488,1.0,471.32
1865,1i,16,1.338,1.0,278.4
1865,2i,13,1.4231,38.72,305.84
1865,3i,11,6.2377,5.0,271.45
1865,4i,51,0.2284,1.0,471.32
1870,1i,16,1.2289,1.0,180.59
1870,2i,13,1.0834,38.72,223.85
1870,3i,11,4.5721,5.0,217.62
1870,4i,53,0.9486,1.0,471.32
1875,1i,16,0.9877,1.0,148.07
1875,2i,13,0.5114,38.72,175.67
1875,3i,11,2.9628,5.0,213.69
1875,4i,53,0.8287,1.0,471.32
1880,1i,16,2.4475,10.91,457.01
1880,2i,13,0.0019,38.72,163.46
1880,3i,12,3.4674,1.42,457.18
1880,4i,53,0.6424,1.0,471.32
1885,1i,15,1.7811,1.02,323.59
1885,2i,13,0.2871,32.6,163.45
1885,3i,12,2.2283,1.0,325.02
1885,4i,53,0.5101,1.0,471.32
1890,1i,15,1.4821,1.0,209.36
1890,2i,13,0.2371,12.58,163.45
1890,3i,12,1.1153,1.0,233.5
1890,4i,54,0.6917,1.0,471.32
1895,1i,15,0.8979,1.0,161.19
1895,2i,13,0.9174,12.0,163.45
1895,3i,11,2.5545,5.0,483.3
1895,4i,52,0.4453,1.0,471.32
1900,1i,15,0.3165,1.0,159.07
1900,2i,13,0.9807,12.0,163.45
1900,3i,11,2.469,5.0,348.61
1900,4i,52,0.504,1.0,471.32
1905,1i,16,2.0948,1.0,404.09
1905,2i,13,0.9706,12.0,163.45
1905,3i,12,3.2023,5.0,408.93
1905,4i,50,0.5011,1.0,471.32
1910,1i,16,2.1299,1.0,271.11
1910,2i,13,1.1544,12.0,163.04
1910,3i,12,3.2024,5.0,289.13
1910,4i,50,0.7449,1.0,471.29
1915,1i,16,1.1833,1.0,184.32
1915,2i,14,2.0075,12.0,454.37
1915,3i,13,3.7027,5.0,456.03
1915,4i,49,0.5487,1.0,471.13
1920,1i,16,0.3396,1.0,153.16
1920,2i,14,1.7052,12.0,358.53
1920,3i,13,2.5804,5.0,336.21
1920,4i,49,0.3999,1.0,470.65
1925,1i,16,0.028,1.0,148.64
1925,2i,14,1.5375,12.0,263.13
1925,3i,13,2.1222,0.15,215.87
1925,4i,48,0.473,1.0,469.17
1930,1i,16,0.0037,1.0,148.11
1930,2i,14,1.2325,12.0,171.83
1930,3i,13,3.6975,1.0,400.5
1930,4i,49,0.8203,1.0,474.59
1935,1i,17,1.0905,1.0,437.55
1935,2i,15,2.4086,12.0,432.37
1935,3i,14,3.6359,1.0,433.24
1935,4i,50,0.8065,1.0,478.95
1940,1i,16,1.2005,44.05,343.27
1940,2i,15,2.3464,12.0,309.5
1940,3i,14,2.1869,1.0,317.4
1940,4i,51,1.0176,1.0,480.3
1945,1i,16,1.0981,44.05,250.41
1945,2i,14,1.1603,12.0,203.78
1945,3i,14,1.7019,1.0,228.24
1945,4i,51,0.8339,1.0,475.47
1950,1i,17,2.0734,44.05,455.7
1950,2i,15,2.7677,12.0,455.77
1950,3i,14,1.8097,1.0,217.92
1950,4i,51,0.6749,1.0,475.34
1955,1i,17,2.0318,44.05,360.94
1955,2i,15,2.8606,12.0,324.28
1955,3i,14,1.6932,1.0,217.92
1955,4i,52,0.7996,1.0,475.32
1960,1i,16,1.1262,44.05,267.23
1960,2i,14,1.2492,12.0,211.71
1960,3i,14,0.777,1.0,217.89
1960,4i,52,0.4746,1.0,475.32
1965,1i,16,0.7207,44.05,196.44
1965,2i,14,0.256,12.0,166.08
1965,3i,14,0.5924,1.0,216.17
1965,4i,53,0.8474,1.0,475.32
1970,1i,16,0.2684,44.05,160.23
1970,2i,14,0.1283,10.21,164.45
1970,3i,14,0.5873,1.0,211.05
1970,4i,53,0.4285,1.0,475.32
1975,1i,19,3.9155,42.02,415.48
1975,2i,14,1.7192,40.54,409.29
1975,3i,15,2.0713,1.0,406.78
1975,4i,53,0.3373,1.0,475.32
1980,1i,19,4.1822,30.96,320.31
1980,2i,14,2.237,27.99,287.81
1980,3i,15,1.6419,1.0,286.67
1980,4i,54,0.7897,1.0,475.32
1985,1i,19,3.2035,29.07,228.73
1985,2i,14,1.9514,23.08,185.9
1985,3i,12,1.2983,1.0,200.88
1985,4i,51,0.5205,4.0,475.32
1990,1i,19,2.0573,29.04,168.86
1990,2i,14,1.7421,23.01,164.45
1990,3i,12,1.4359,1.0,194.21
1990,4i,50,0.631,4.0,475.32
1995,1i,19,1.3903,1.0,168.78
1995,2i,15,3.2,23.01,483.3
1995,3i,12,1.2004,1.0,194.2
1995,4i,50,2.1498,4.0,475.32
2000,1i,19,0.6976,1.0,168.54
2000,2i,15,2.2513,1.11,346.58
2000,3i,11,0.0,1.0,194.2
2000,4i,47,1.6506,4.0,475.32
2005,1i,19,0.3353,1.0,165.79
2005,2i,15,1.5403,1.0,231.06
2005,3i,11,0.0,1.0,194.2
2005,4i,46,0.9881,4.0,475.26
2010,1i,19,0.1436,1.0,159.15
2010,2i,15,0.6622,1.0,173.85
2010,3i,11,0.0,1.0,194.2
2010,4i,46,0.8301,4.0,474.76
2015,1i,20,1.3985,1.0,376.66
2015,2i,16,1.3105,1.0,396.64
2015,3i,10,0.0,95.18,194.2
2015,4i,45,0.6343,10.6,473.36
2020,1i,21,2.2578,1.0,432.59
2020,2i,16,1.0766,1.0,306.07
2020,3i,11,2.3838,95.18,429.75
2020,4i,45,0.5984,0.36,471.4
2025,1i,21,1.8018,1.0,313.94
2025,2i,16,0.997,1.0,224.53
2025,3i,11,1.9798,95.18,303.23
2025,4i,45,0.3482,0.36,470.31
2030,1i,19,1.7312,29.04,207.35
2030,2i,15,1.1402,23.01,154.45
2030,3i,12,2.3513,92.09,474.59
2030,4i,45,0.3707,0.36,469.75
2035,1i,18,0.1877,29.04,162.46
2035,2i,15,1.1022,23.01,154.45
2035,3i,12,2.0134,83.07,380.5
2035,4i,45,0.1622,0.36,469.49
2040,1i,18,0.0,29.04,161.78
2040,2i,14,0.0,23.01,154.45
2040,3i,12,2.0845,75.91,286.19
2040,4i,45,0.1853,0.36,469.41
2045,1i,19,1.4256,29.04,401.82
2045,2i,15,1.5972,23.01,407.98
2045,3i,12,2.0064,75.48,227.63
2045,4i,45,0.147,0.36,469.38
2050,1i,19,1.2632,29.04,269.91
2050,2i,15,1.6083,23.01,286.66
2050,3i,12,1.8997,75.47,227.62
2050,4i,46,0.4445,0.36,469.38
2055,1i,19,0.5736,29.04,188.78
2055,2i,15,0.9154,23.01,190.01
2055,3i,12,1.7168,21.67,226.91
2055,4i,46,0.4438,0.36,469.38
2060,1i,19,0.0427,29.04,168.91
2060,2i,15,0.0264,23.01,162.69
2060,3i,12,0.5999,1.0,223.13
2060,4i,47,0.7612,0.36,469.37
2065,1i,20,1.3267,19.44,473.26
2065,2i,15,0.3754,12.18,162.45
2065,3i,12,0.2832,1.0,216.69
2065,4i,47,0.4796,0.36,469.21
2070,1i,20,1.2132,15.04,377.82
2070,2i,15,0.4717,8.01,162.45
2070,3i,12,0.0659,1.0,209.64
2070,4i,47,0.3063,0.36,468.73
2075,1i,20,1.0479,15.04,293.79
2075,2i,15,0.3947,8.0,162.45
2075,3i,11,0.0098,75.47,208.13
2075,4i,45,0.7041,0.36,468.42
2080,1i,20,0.9617,15.04,231.62
2080,2i,15,0.4944,8.0,162.45
2080,3i,11,0.0013,75.47,207.92
2080,4i,44,0.6842,0.36,468.3
2085,1i,20,0.6841,15.04,191.48
2085,2i,15,0.3076,8.0,162.45
2085,3i,11,0.0,75.47,207.92
2085,4i,42,0.5378,0.36,468.28
2090,1i,21,1.3,15.04,435.13
2090,2i,15,0.3057,8.0,162.42
2090,3i,14,4.61,75.47,436.93
2090,4i,43,1.4067,0.36,468.28
2095,1i,21,1.2293,15.04,338.91
2095,2i,15,0.3222,8.0,161.02
2095,3i,14,4.8131,75.47,342.63
2095,4i,42,1.3885,0.36,468.24
2100,1i,21,1.0476,15.04,246.33
2100,2i,15,0.2511,8.0,155.12
2100,3i,14,3.6703,75.47,252.37
2100,4i,42,0.9569,0.36,467.77
2105,1i,21,0.887,15.04,161.58
2105,2i,15,0.1251,8.0,148.95
2105,3i,14,2.7694,73.16,222.92
2105,4i,41,1.7087,1.0,465.77
2110,1i,21,0.5889,15.04,158.91
2110,2i,15,0.0089,8.0,147.59
2110,3i,14,1.6412,6.62,222.92
2110,4i,40,2.0576,1.0,463.69
2115,1i,22,1.5378,15.04,376.57
2115,2i,15,0.0002,8.0,147.45
2115,3i,14,0.7102,1.0,222.92
2115,4i,40,1.3842,1.0,462.38
2120,1i,22,1.216,15.04,249.93
2120,2i,15,0.0,8.0,147.45
2120,3i,14,0.3142,1.0,222.92
2120,4i,40,1.0775,1.0,461.8
2125,1i,21,0.3568,15.04,184.46
2125,2i,15,0.0,8.0,147.45
2125,3i,14,0.4978,1.0,222.92
2125,4i,40,0.9629,1.0,461.67
2130,1i,22,1.2652,15.04,376.09
2130,2i,16,1.4756,8.0,383.98
2130,3i,15,1.4009,1.0,398.5
2130,4i,40,0.6031,1.0,461.64
2135,1i,23,2.0821,15.04,456.54
2135,2i,16,1.4694,8.0,264.75
2135,3i,15,1.4873,1.0,316.32
2135,4i,40,0.2844,1.0,461.64
2140,1i,23,1.9725,15.04,324.04
2140,2i,16,0.958,8.0,175.68
2140,3i,15,1.8949,1.0,232.6
2140,4i,40,0.1667,1.0,461.64
2145,1i,23,1.3439,15.04,221.44
2145,2i,16,1.0989,8.0,147.45
2145,3i,15,1.7096,1.0,222.75
2145,4i,40,0.1014,1.0,461.64
2150,1i,23,0.6443,12.05,180.91
2150,2i,17,2.0861,1.72,396.42
2150,3i,15,1.1645,1.0,219.65
2150,4i,40,0.1023,1.0,461.64
2155,1i,23,0.3421,1.0,180.82
2155,2i,16,1.827,1.0,300.65
2155,3i,15,0.7252,1.0,212.34
2155,4i,40,0.1234,1.0,461.64
2160,1i,24,0.9257,1.0,418.41
2160,2i,17,3.1053,1.0,401.79
2160,3i,16,1.9408,1.0,403.21
2160,4i,40,0.7146,1.0,461.64
2165,1i,24,1.1692,1.0,323.6
2165,2i,17,2.8822,1.0,270.89
2165,3i,14,1.6918,5.06,281.54
2165,4i,38,1.9564,5.0,482.98
2170,1i,24,0.8656,1.0,242.49
2170,2i,17,1.8212,1.0,193.25
2170,3i,13,0.4987,54.76,223.73
2170,4i,38,2.3358,5.0,478.07
2175,1i,24,0.5758,1.0,195.77
2175,2i,17,0.3041,1.0,179.46
2175,3i,13,0.0012,54.76,217.23
2175,4i,36,1.5751,5.0,474.99
2180,1i,24,0.2968,1.0,184.83
2180,2i,17,0.2789,1.0,179.45
2180,3i,13,0.0,54.76,217.21
2180,4i,36,1.049,5.0,472.17
2185,1i,25,1.3262,1.0,375.74
2185,2i,18,1.7449,1.0,375.56
2185,3i,13,0.0,54.76,217.21
2185,4i,36,0.9748,5.0,469.86
2190,1i,25,0.9721,1.0,255.38
2190,2i,18,1.2856,1.0,250.86
2190,3i,13,0.0,54.76,217.21
2190,4i,36,1.3383,5.0,464.73
2195,1i,25,0.4328,1.0,196.51
2195,2i,18,0.5128,1.0,184.96
2195,3i,13,0.0,54.76,217.21
2195,4i,36,2.6993,7.36,460.45
2200,1i,25,0.0845,1.0,184.97
2200,2i,18,0.0468,1.0,168.96
2200,3i,13,0.0,54.76,217.21
2200,4i,36,2.5267,1.0,457.1
2205,1i,25,0.0073,1.0,183.64
2205,2i,21,3.712,1.0,456.87
2205,3i,16,4.792,50.69,455.71
2205,4i,37,2.624,1.0,456.58
2210,1i,24,0.0002,1.0,183.5
2210,2i,19,4.0763,1.0,335.74
2210,3i,16,4.6546,42.54,358.53
2210,4i,38,1.7248,1.0,481.63
2215,1i,24,0.0,1.0,183.49
2215,2i,19,2.8843,1.0,220.23
2215,3i,16,3.0588,40.73,265.98
2215,4i,39,1.7587,1.0,480.19
2220,1i,24,0.0,1.0,183.49
2220,2i,19,1.772,1.0,172.7
2220,3i,16,2.3561,40.72,225.35
2220,4i,39,1.5151,1.0,480.01
2225,1i,24,0.0,1.0,183.49
2225,2i,19,1.6015,1.0,172.45
2225,3i,16,2.4722,40.72,225.21
2225,4i,40,1.3328,1.0,480.3
2230,1i,24,0.0,1.0,183.49
2230,2i,17,0.0,1.0,172.45
2230,3i,17,2.8331,11.41,403.24
2230,4i,41,1.4211,1.0,479.99
2235,1i,24,0.0,1.0,183.49
2235,2i,17,0.0,1.0,172.45
2235,3i,17,1.3017,1.0,286.5
2235,4i,41,1.0982,1.0,479.99
2240,1i,23,0.2697,1.75,183.49
2240,2i,15,0.0687,7.97,172.45
2240,3i,17,0.5406,1.0,232.38
2240,4i,41,1.0063,1.0,479.99
2245,1i,21,0.2485,11.32,183.49
2245,2i,14,0.2978,10.13,172.45
2245,3i,18,1.2422,1.0,418.51
2245,4i,41,0.7095,1.0,479.99
2250,1i,22,1.3744,5.02,480.3
2250,2i,14,0.4492,5.0,172.45
2250,3i,19,2.5888,1.0,483.3
2250,4i,42,0.7419,1.0,479.99
2255,1i,22,1.7374,5.0,358.53
2255,2i,14,0.5209,5.0,172.45
2255,3i,17,2.6495,40.72,348.93
2255,4i,42,0.6276,1.0,479.99
2260,1i,22,1.1785,5.0,252.3
2260,2i,14,0.3995,5.0,172.45
2260,3i,17,1.8022,40.72,249.73
2260,4i,41,0.8978,1.0,479.99
2265,1i,23,1.6711,5.0,406.62
2265,2i,15,2.0509,5.0,403.9
2265,3i,18,2.5187,40.72,402.5
2265,4i,39,0.8977,1.0,479.99
2270,1i,23,1.4084,5.0,285.87
2270,2i,15,2.1132,5.0,267.58
2270,3i,17,1.5527,40.72,266.78
2270,4i,39,1.1754,1.0,479.98
2275,1i,23,1.4905,5.0,205.53
2275,2i,15,1.9551,5.0,171.9
2275,3i,17,1.5394,40.72,219.17
2275,4i,38,0.8614,1.0,479.9
2280,1i,23,1.1079,5.0,204.66
2280,2i,15,1.294,5.0,168.15
2280,3i,17,0.8882,32.2,219.17
2280,4i,40,1.8269,1.0,479.61
2285,1i,23,0.4213,5.0,200.85
2285,2i,15,0.1896,1.02,160.24
2285,3i,18,1.4699,1.0,376.84
2285,4i,39,1.465,1.0,479.27
2290,1i,23,0.093,5.0,194.56
2290,2i,15,0.0263,1.0,157.83
2290,3i,18,0.9322,1.0,267.28
2290,4i,38,1.89,1.0,478.54
2295,1i,23,0.045,5.0,188.45
2295,2i,15,0.0006,1.0,157.46
2295,3i,18,1.0288,1.0,219.17
2295,4i,38,1.4557,1.0,477.69
2300,1i,22,0.0025,5.0,187.55
2300,2i,14,0.0001,5.0,157.45
2300,3i,18,1.0946,1.0,219.17
2300,4i,38,1.3529,1.0,476.48
2305,1i,22,0.0,5.0,187.53
2305,2i,14,0.0,5.0,157.45
2305,3i,18,0.8433,1.0,219.17
2305,4i,38,0.751,1.0,476.09
2310,1i,22,0.0,5.0,187.53
2310,2i,14,0.0,5.0,157.45
2310,3i,18,0.2595,1.0,219.17
2310,4i,39,1.0695,1.0,476.0
2315,1i,22,0.0,5.0,187.53
2315,2i,14,0.0,5.0,157.45
2315,3i,18,0.3664,1.0,219.17
2315,4i,39,0.7721,1.0,475.99
2320,1i,24,2.1987,5.0,483.3
2320,2i,15,1.296,5.0,473.26
2320,3i,19,1.4719,1.0,480.3
2320,4i,40,1.246,1.0,483.3
2325,1i,24,2.1548,5.0,359.51
2325,2i,15,1.2628,5.0,378.09
2325,3i,19,1.419,1.0,360.38
2325,4i,41,1.5573,1.0,483.3
2330,1i,23,1.4228,16.0,252.51
2330,2i,14,1.2951,16.0,286.77
2330,3i,19,1.0858,1.0,257.13
2330,4i,42,1.848,1.0,480.3
2335,1i,23,1.0763,1.38,209.21
2335,2i,14,1.7483,1.73,198.92
2335,3i,19,1.1611,1.0,214.49
2335,4i,42,1.3734,1.0,475.99
2340,1i,23,1.2201,1.0,208.54
2340,2i,14,1.6295,1.0,157.45
2340,3i,19,0.8239,1.0,208.54
2340,4i,42,1.0439,1.0,475.99
2345,1i,24,1.7859,1.0,430.05
2345,2i,14,1.4,1.0,157.45
2345,3i,18,1.8089,15.71,436.82
2345,4i,43,1.8916,3.4,475.99
2350,1i,24,1.2903,1.0,301.55
2350,2i,14,0.345,1.0,157.45
2350,3i,17,1.0908,28.72,345.06
2350,4i,42,1.4847,12.0,475.99
2355,1i,24,0.6882,1.0,227.14
2355,2i,14,0.385,1.0,157.45
2355,3i,17,0.677,28.72,272.56
2355,4i,42,1.4953,12.0,475.99
2360,1i,25,1.4082,1.0,429.8
2360,2i,14,0.2372,1.0,157.17
2360,3i,18,1.6157,28.72,433.06
2360,4i,41,1.618,0.99,475.99
2365,1i,25,1.1845,1.0,300.65
2365,2i,14,0.3447,1.0,153.04
2365,3i,18,1.2223,28.72,313.55
2365,4i,41,1.8259,0.68,475.91
2370,1i,25,0.8489,1.0,217.91
2370,2i,15,1.7768,1.0,383.96
2370,3i,18,1.0049,28.72,226.17
2370,4i,40,1.6465,1.22,475.03
2375,1i,25,0.808,1.0,212.05
2375,2i,15,1.4084,1.0,267.6
2375,3i,18,0.8204,28.72,226.17
2375,4i,42,2.3811,1.0,473.06
2380,1i,26,1.7741,1.0,429.16
2380,2i,15,0.6174,1.0,197.26
2380,3i,18,1.3967,15.59,226.17
2380,4i,41,2.1597,1.0,469.07
2385,1i,26,1.2914,1.0,293.66
2385,2i,15,0.0392,1.0,183.09
2385,3i,18,0.6624,3.89,226.17
2385,4i,42,1.6805,1.0,478.73
2390,1i,24,1.0939,1.0,200.62
2390,2i,14,0.0029,1.0,182.19
2390,3i,19,1.6163,1.0,456.21
2390,4i,43,1.9047,1.0,476.5
2395,1i,24,0.767,1.0,200.54
2395,2i,14,0.0001,1.0,182.16
2395,3i,19,1.3383,1.0,329.62
2395,4i,44,1.6989,1.0,475.46
2400,1i,24,0.7994,1.0,415.75
2400,2i,14,0.0,1.0,182.16
2400,3i,20,2.2232,1.0,402.4
2400,4i,44,0.9864,1.0,475.29
2405,1i,24,0.7016,1.0,329.86
2405,2i,14,0.0,1.0,182.16
2405,3i,20,1.3717,1.0,294.98
2405,4i,45,1.3771,1.0,475.28
2410,1i,24,0.6829,1.0,247.16
2410,2i,14,0.0,1.0,182.16
2410,3i,20,1.2934,1.0,252.92
2410,4i,45,1.2342,1.0,475.28
2415,1i,24,0.7164,1.0,200.54
2415,2i,15,1.5659,1.0,407.12
2415,3i,20,1.0488,1.0,252.92
2415,4i,45,1.0252,1.0,475.28
2420,1i,23,0.7015,19.0,200.54
2420,2i,13,1.9034,7.82,287.22
2420,3i,20,1.1376,1.0,252.9
2420,4i,47,2.1326,1.0,480.3
2425,1i,23,1.0108,2.02,200.54
2425,2i,12,1.4695,4.11,209.94
2425,3i,20,0.4543,1.0,251.63
2425,4i,48,2.4586,1.0,480.3
2430,1i,23,0.4373,1.0,200.54
2430,2i,12,0.488,1.0,196.23
2430,3i,20,0.3003,1.0,247.56
2430,4i,49,1.6922,1.0,478.54
2435,1i,23,0.4,1.0,200.54
2435,2i,12,0.3664,1.0,196.17
2435,3i,18,0.192,5.0,240.99
2435,4i,46,1.4019,9.0,474.02
2440,1i,25,2.392,1.0,382.44
2440,2i,13,2.4603,1.0,385.66
2440,3i,21,3.4769,5.0,400.93
2440,4i,45,2.0398,7.18,472.2
2445,1i,25,1.9729,1.0,264.34
2445,2i,13,2.0037,1.0,279.0
2445,3i,21,2.6581,5.0,328.82
2445,4i,44,2.0273,9.0,482.23
2450,1i,25,1.5166,1.0,220.71
2450,2i,13,1.9745,1.0,196.17
2450,3i,21,2.5615,5.0,276.37
2450,4i,41,1.6993,9.0,478.36
2455,1i,25,0.9264,1.0,219.54
2455,2i,13,1.7346,1.0,196.13
2455,3i,21,1.5695,5.0,245.71
2455,4i,38,1.6579,9.0,472.11
2460,1i,26,1.3499,1.0,456.15
2460,2i,13,1.2548,1.0,193.4
2460,3i,21,1.514,5.0,454.2
2460,4i,39,1.6077,8.79,483.16
2465,1i,26,1.1491,1.0,324.42
2465,2i,13,0.3143,1.0,186.82
2465,3i,20,0.7673,1.16,370.64
2465,4i,39,0.8164,1.0,479.84
2470,1i,26,0.5879,1.0,239.41
2470,2i,13,0.0902,1.0,179.05
2470,3i,20,0.946,1.0,309.0
2470,4i,40,1.2017,1.0,479.07
2475,1i,27,1.0421,1.0,455.65
2475,2i,13,0.0028,1.0,177.25
2475,3i,20,0.4436,1.0,269.55
2475,4i,41,0.6764,1.0,482.74
2480,1i,25,1.0264,1.0,332.65
2480,2i,12,0.0001,1.0,177.16
2480,3i,20,0.2926,1.0,252.39
2480,4i,42,1.2859,1.0,481.08
2485,1i,25,0.79,1.0,230.37
2485,2i,13,1.4524,1.0,418.6
2485,3i,21,1.2341,1.0,419.73
2485,4i,43,1.4051,1.0,480.33
2490,1i,25,0.6933,1.0,205.54
2490,2i,13,1.4259,1.0,325.96
2490,3i,21,0.9351,1.0,347.81
2490,4i,43,1.1492,1.0,480.29
2495,1i,26,1.4729,1.0,456.84
2495,2i,14,2.7793,1.0,456.76
2495,3i,22,1.6414,1.0,456.35
2495,4i,43,0.919,1.0,480.28
2500,1i,25,0.9464,1.0,334.95
2500,2i,14,2.2737,1.0,323.13
2500,3i,22,1.4783,1.0,335.68
2500,4i,44,1.117,1.0,480.28
2505,1i,25,0.9802,1.0,212.48
2505,2i,14,1.9067,1.0,202.21
2505,3i,23,2.561,1.0,483.3
2505,4i,44,0.7745,1.0,480.28
2510,1i,23,1.1028,7.36,205.54
2510,2i,13,1.7361,10.27,202.21
2510,3i,23,2.2263,1.0,356.56
2510,4i,44,0.6028,1.0,480.28
2515,1i,23,1.7334,0.92,431.94
2515,2i,12,0.9352,4.26,202.21
2515,3i,23,1.088,1.0,288.45
2515,4i,44,0.5286,1.0,480.28
2520,1i,23,1.3497,0.92,312.21
2520,2i,12,0.1567,1.0,202.21
2520,3i,23,0.3611,1.0,276.5
2520,4i,45,0.8545,1.0,483.3
2525,1i,23,0.9718,0.92,221.41
2525,2i,12,0.4781,1.0,202.21
2525,3i,21,0.2528,1.0,270.79
2525,4i,42,0.7015,1.0,480.28
2530,1i,24,2.1471,0.92,429.53
2530,2i,12,0.217,1.0,202.21
2530,3i,21,0.1383,1.0,264.25
2530,4i,40,1.3293,1.0,480.3
2535,1i,24,1.7915,0.92,300.67
2535,2i,12,0.4503,1.0,202.21
2535,3i,21,0.0167,1.0,261.73
2535,4i,40,1.0392,1.0,480.28
2540,1i,24,0.8177,0.92,229.05
2540,2i,12,0.2772,1.0,202.21
2540,3i,21,0.0016,1.0,261.37
2540,4i,40,0.8004,1.0,480.28
2545,1i,24,0.1311,0.92,217.55
2545,2i,12,0.1552,1.0,202.11
2545,3i,21,0.0001,1.0,261.33
2545,4i,41,1.0524,1.0,480.24
2550,1i,24,0.1444,0.92,217.48
2550,2i,12,0.3987,1.0,198.98
2550,3i,21,0.0,1.0,261.33
2550,4i,42,1.331,1.0,480.17
2555,1i,26,1.8635,0.92,418.73
2555,2i,14,3.6575,1.0,409.2
2555,3i,21,1.0434,3.77,397.22
2555,4i,40,1.1303,9.73,479.96
2560,1i,26,1.4676,0.92,326.09
2560,2i,14,2.5407,1.0,295.24
2560,3i,20,1.0184,18.82,303.42
2560,4i,40,0.9407,5.1,479.41
2565,1i,26,1.0505,0.92,254.45
2565,2i,14,1.7572,1.0,234.61
2565,3i,20,0.929,9.25,261.33
2565,4i,40,0.57,5.0,478.49
2570,1i,24,0.9883,0.92,216.29
2570,2i,13,1.1766,8.0,226.7
2570,3i,20,1.2746,9.0,261.33
2570,4i,40,0.3255,5.0,477.75
2575,1i,24,0.6748,0.92,209.48
2575,2i,14,3.2678,8.0,483.3
2575,3i,20,1.2017,9.0,261.33
2575,4i,41,0.6734,5.0,477.36
2580,1i,23,0.0001,0.92,209.46
2580,2i,13,1.9403,8.0,351.37
2580,3i,20,0.3389,1.52,261.33
2580,4i,42,0.9058,5.0,477.29
2585,1i,23,0.0,0.92,209.46
2585,2i,13,1.0054,8.0,259.5
2585,3i,20,0.1348,1.0,261.33
2585,4i,43,1.4545,5.0,477.28
2590,1i,24,1.1571,0.92,483.3
2590,2i,14,1.9945,8.0,483.3
2590,3i,20,0.2378,1.0,261.33
2590,4i,43,1.2333,5.0,477.28
2595,1i,24,1.12,0.92,348.23
2595,2i,14,1.8861,8.0,349.31
2595,3i,20,0.3093,1.0,261.33
2595,4i,45,1.8691,5.0,477.28
2600,1i,23,2.0118,15.92,429.66
2600,2i,15,3.3153,1.57,430.16
2600,3i,20,0.3146,1.0,261.16
2600,4i,45,1.6314,5.0,477.28
2605,1i,23,1.9788,1.37,302.78
2605,2i,14,3.2327,5.89,306.05
2605,3i,20,0.3362,1.0,259.29
2605,4i,45,1.0783,5.0,477.28
2610,1i,23,1.3149,1.0,237.12
2610,2i,14,2.0366,1.0,244.29
2610,3i,20,0.2607,1.0,254.74
2610,4i,45,0.6769,5.0,477.28
2615,1i,23,0.7684,1.0,229.17
2615,2i,14,1.2214,1.0,237.72
2615,3i,19,0.1246,9.0,249.71
2615,4i,44,1.1251,9.0,483.3
2620,1i,23,0.3725,1.0,229.17
2620,2i,14,0.3588,1.0,237.67
2620,3i,19,0.0152,9.0,246.69
2620,4i,43,0.5734,9.0,477.28
2625,1i,23,0.3373,1.0,229.17
2625,2i,14,0.5612,1.0,237.67
2625,3i,19,0.0012,9.0,246.35
2625,4i,43,1.0787,9.0,483.3
2630,1i,24,1.0017,1.0,453.93
2630,2i,15,1.5582,1.0,454.1
2630,3i,20,1.3232,9.0,456.84
2630,4i,43,0.987,9.0,477.25
2635,1i,24,0.9255,1.0,364.84
2635,2i,15,1.3867,1.0,367.61
2635,3i,20,0.9828,9.0,336.39
2635,4i,43,0.5918,9.0,476.98
2640,1i,24,0.9235,1.0,282.56
2640,2i,15,1.4753,1.0,284.32
2640,3i,20,0.8402,9.0,252.74
2640,4i,45,0.7925,9.0,480.3
2645,1i,24,0.8452,1.0,227.81
2645,2i,15,1.4483,1.0,232.17
2645,3i,21,2.2971,6.99,456.34
2645,4i,45,0.7588,7.65,479.27
2650,1i,24,0.7956,1.0,222.75
2650,2i,15,1.3647,1.0,225.09
2650,3i,20,1.7948,37.31,338.91
2650,4i,45,0.96,1.39,478.28
2655,1i,24,0.5014,1.0,216.26
2655,2i,15,0.9112,1.0,217.42
2655,3i,20,1.3554,14.79,281.24
2655,4i,45,1.3408,1.0,477.61
2660,1i,23,0.4365,1.0,214.46
2660,2i,14,0.7218,1.0,214.09
2660,3i,20,0.4981,1.0,276.34
2660,4i,47,1.7183,1.0,477.36
2665,1i,22,0.0008,1.0,214.26
2665,2i,13,0.001,1.0,213.96
2665,3i,20,0.2097,1.0,276.34
2665,4i,47,1.7365,1.0,477.29
2670,1i,24,2.2417,1.0,402.44
2670,2i,16,4.4463,1.0,416.15
2670,3i,22,2.48,1.0,406.99
2670,4i,48,1.2727,1.0,477.28
2675,1i,24,1.8415,1.0,286.87
2675,2i,16,3.8426,1.0,319.96
2675,3i,22,1.8936,1.0,296.13
2675,4i,49,1.4346,1.0,477.28
2680,1i,24,1.3077,1.0,237.48
2680,2i,16,2.8388,1.0,234.11
2680,3i,22,2.1517,1.0,276.34
2680,4i,49,1.1036,1.0,477.28
2685,1i,24,0.6223,1.0,234.96
2685,2i,16,2.2086,1.0,231.96
2685,3i,22,1.831,1.0,276.34
2685,4i,49,0.6242,1.0,477.28
2690,1i,22,0.0719,1.0,234.96
2690,2i,15,1.4064,2.3,231.96
2690,3i,22,1.353,1.0,276.33
2690,4i,50,0.9186,1.0,477.28
2695,1i,22,1.4922,1.0,384.02
2695,2i,16,1.9395,1.0,398.91
2695,3i,23,1.4293,1.0,384.45
2695,4i,50,0.6427,1.0,477.28
2700,1i,22,0.9818,1.0,281.15
2700,2i,16,1.1239,1.0,324.95
2700,3i,23,0.7697,1.0,304.68
2700,4i,51,1.0353,1.0,477.28
2705,1i,22,0.4495,1.0,239.68
2705,2i,16,0.7627,1.0,273.0
2705,3i,20,0.2131,19.0,278.32
2705,4i,51,1.1399,1.0,477.28
2710,1i,22,0.3503,1.0,238.96
2710,2i,16,0.6547,1.0,243.44
2710,3i,21,1.2894,19.0,376.52
2710,4i,50,1.5416,1.0,480.3
2715,1i,23,1.2446,1.0,456.93
2715,2i,16,0.1837,1.0,235.96
2715,3i,21,0.7993,19.0,288.11
2715,4i,47,1.2702,1.0,477.28
2720,1i,23,1.1423,1.0,338.39
2720,2i,16,0.2066,1.0,235.96
2720,3i,21,0.6786,19.0,265.45
2720,4i,46,1.7679,1.0,477.26
2725,1i,23,0.6984,1.0,260.87
2725,2i,16,0.3115,1.0,235.96
2725,3i,21,0.7619,19.0,265.34
2725,4i,44,1.6396,1.0,476.87
2730,1i,23,0.1917,1.0,245.99
2730,2i,16,0.4054,1.0,235.62
2730,3i,21,0.7275,19.0,265.33
2730,4i,44,1.2312,1.0,475.14
2735,1i,23,0.2104,1.0,245.75
2735,2i,16,0.3077,1.0,233.11
2735,3i,21,0.0217,1.0,265.33
2735,4i,44,1.1332,1.0,480.12
2740,1i,24,1.2009,1.0,407.3
2740,2i,17,1.8791,1.0,401.64
2740,3i,21,0.5121,1.0,265.33
2740,4i,44,1.8738,1.0,476.89
2745,1i,25,1.9362,1.0,483.3
2745,2i,18,2.0813,1.0,473.26
2745,3i,22,1.7605,1.0,483.3
2745,4i,45,1.8781,1.0,474.47
2750,1i,24,1.3681,8.0,350.6
2750,2i,16,1.368,12.0,383.95
2750,3i,22,1.1281,1.0,357.1
2750,4i,46,1.2987,1.0,479.39
2755,1i,24,0.7598,8.0,260.08
2755,2i,16,1.0956,12.0,298.71
2755,3i,22,1.0144,1.0,270.18
2755,4i,46,0.9938,1.0,478.65
2760,1i,24,0.7678,8.0,237.98
2760,2i,16,1.0238,12.0,237.29
2760,3i,23,1.7762,1.0,474.59
2760,4i,46,0.5971,1.0,478.58
2765,1i,24,0.6767,8.0,237.96
2765,2i,16,0.9883,12.0,237.29
2765,3i,23,1.8747,1.0,381.85
2765,4i,46,0.1461,1.0,478.57
2770,1i,24,0.8011,8.0,237.96
2770,2i,16,1.0078,12.0,237.29
2770,3i,23,1.2688,1.0,315.58
2770,4i,46,0.0643,1.0,478.57
2775,1i,23,0.0,8.0,237.96
2775,2i,16,0.1985,1.18,237.29
2775,3i,23,0.3909,1.0,286.61
2775,4i,46,0.0774,1.0,478.57
2780,1i,23,0.2379,2.46,237.96
2780,2i,16,0.0798,1.0,237.29
2780,3i,23,0.3157,1.0,283.34
2780,4i,46,0.0802,1.0,478.57
2785,1i,22,1.4254,11.66,430.47
2785,2i,17,2.9024,1.0,436.85
2785,3i,25,2.0616,1.0,434.97
2785,4i,48,1.1209,1.0,478.57
2790,1i,22,1.2462,5.04,307.26
2790,2i,17,2.3567,1.0,343.84
2790,3i,25,1.4929,1.0,340.76
2790,4i,48,0.9006,1.0,478.57
2795,1i,22,1.1269,5.0,237.96
2795,2i,17,1.6631,1.0,260.21
2795,3i,23,1.0296,1.0,291.51
2795,4i,45,1.0738,0.66,478.57
2800,1i,22,0.9503,5.0,237.96
2800,2i,17,1.1387,1.0,248.29
2800,3i,23,0.974,1.0,284.83
2800,4i,43,0.9337,1.0,478.57
2805,1i,22,0.9745,5.0,237.96
2805,2i,17,1.1718,1.0,248.29
2805,3i,23,0.6933,1.0,280.54
2805,4i,43,1.4549,1.0,478.57
2810,1i,23,1.2158,3.73,419.35
2810,2i,17,0.8843,1.0,248.29
2810,3i,23,0.4412,1.0,278.19
2810,4i,40,1.0373,1.0,478.56
2815,1i,23,0.7917,1.0,347.3
2815,2i,17,0.3085,1.0,248.29
2815,3i,22,0.0007,1.0,278.05
2815,4i,41,2.5726,1.0,483.3
2820,1i,23,0.6239,1.0,296.98
2820,2i,17,0.3853,1.0,248.26
2820,3i,22,0.0,1.0,278.05
2820,4i,41,2.2178,1.0,476.93
2825,1i,24,1.5556,1.0,402.41
2825,2i,18,1.7086,1.0,407.73
2825,3i,21,1.1389,16.0,408.04
2825,4i,41,2.2045,1.0,481.9
2830,1i,24,0.8328,1.0,305.22
2830,2i,19,2.1148,1.0,474.59
2830,3i,21,1.4568,1.0,306.55
2830,4i,40,1.8997,1.0,478.54
2835,1i,24,0.8298,1.0,256.63
2835,2i,19,2.1884,1.0,379.23
2835,3i,21,0.9489,1.0,278.05
2835,4i,42,1.9968,1.0,479.65
2840,1i,23,0.8215,5.0,250.54
2840,2i,17,1.7869,5.0,300.8
2840,3i,21,0.8721,1.0,278.05
2840,4i,42,1.5081,1.0,478.19
2845,1i,23,0.6977,5.0,248.32
2845,2i,18,2.9162,5.0,375.66
2845,3i,22,1.8706,1.0,399.17
2845,4i,42,0.9183,1.0,477.68
2850,1i,22,0.0007,5.0,248.02
2850,2i,17,1.6155,5.0,247.29
2850,3i,22,1.3587,1.0,305.87
2850,4i,43,1.0329,1.0,477.58
2855,1i,22,0.0,5.0,248.0
2855,2i,17,1.5865,5.0,247.29
2855,3i,22,1.0396,1.0,278.05
2855,4i,43,0.7784,1.0,477.57
2860,1i,22,0.0,5.0,248.0
2860,2i,17,0.7845,5.0,247.29
2860,3i,22,1.0729,1.0,278.05
2860,4i,43,0.5021,1.0,477.57
2865,1i,23,1.0968,5.0,378.09
2865,2i,17,1.3852,5.0,379.88
2865,3i,23,1.9051,1.0,384.31
2865,4i,43,0.4872,1.0,477.57
2870,1i,22,0.8195,16.33,287.1
2870,2i,16,1.1164,13.0,289.89
2870,3i,23,0.891,1.0,298.7
2870,4i,44,0.9247,1.0,477.57
2875,1i,21,1.4302,13.08,248.0
2875,2i,16,1.0114,1.43,247.29
2875,3i,23,0.8206,1.0,277.58
2875,4i,44,0.5464,1.0,477.57
2880,1i,21,1.1814,5.01,248.0
2880,2i,16,1.519,1.0,247.29
2880,3i,24,1.8093,1.0,381.4
2880,4i,46,1.4454,1.0,477.57
2885,1i,21,1.1151,5.0,248.0
2885,2i,16,1.0511,1.0,247.29
2885,3i,22,1.2319,1.0,306.77
2885,4i,42,1.4675,11.26,477.57
2890,1i,21,0.47,1.64,248.0
2890,2i,16,0.2767,1.0,247.29
2890,3i,21,0.1257,1.0,289.69
2890,4i,40,1.3026,11.26,477.57
2895,1i,21,0.361,1.0,248.0
2895,2i,16,0.2452,1.0,247.29
2895,3i,21,0.0268,1.0,283.57
2895,4i,38,1.174,9.56,477.57
2900,1i,23,2.6753,1.0,457.09
2900,2i,17,1.6425,1.0,456.15
2900,3i,23,1.6493,1.0,455.77
2900,4i,37,0.9194,11.26,477.53
2905,1i,23,1.9982,1.0,339.59
2905,2i,17,1.6375,1.0,339.94
2905,3i,23,1.5075,1.0,366.47
2905,4i,36,0.7305,11.26,477.08
2910,1i,23,1.3269,1.0,281.53
2910,2i,17,1.7133,1.0,247.14
2910,3i,23,1.2132,1.0,307.99
2910,4i,37,1.5764,1.0,480.3
2915,1i,23,1.196,1.0,277.03
2915,2i,17,1.7261,1.0,245.4
2915,3i,22,1.1772,1.94,286.24
2915,4i,37,1.5208,1.0,472.31
2920,1i,23,0.9384,1.0,275.68
2920,2i,17,0.8224,1.0,241.92
2920,3i,20,1.1784,2.15,286.05
2920,4i,36,1.3885,1.0,468.01
2925,1i,23,0.6309,1.0,272.33
2925,2i,17,0.0591,1.0,236.34
2925,3i,21,1.3031,1.0,424.72
2925,4i,37,0.6693,1.0,480.3
2930,1i,21,0.1544,5.0,265.16
2930,2i,15,0.0048,1.0,235.34
2930,3i,21,0.8298,1.0,360.94
2930,4i,37,0.5887,1.0,479.14
2935,1i,21,0.0488,5.0,259.63
2935,2i,15,0.0001,1.0,235.29
2935,3i,21,0.7676,1.0,319.34
2935,4i,37,0.2008,1.0,478.85
2940,1i,22,1.2337,5.0,430.46
2940,2i,16,1.4917,1.0,431.88
2940,3i,22,1.4529,1.0,431.14
2940,4i,37,0.0951,1.0,478.83
2945,1i,22,0.7803,5.0,319.56
2945,2i,16,1.0928,1.0,321.82
2945,3i,22,1.0876,1.0,332.71
2945,4i,39,0.9673,1.0,478.83
2950,1i,23,1.7449,5.0,384.43
2950,2i,17,2.5681,1.0,377.1
2950,3i,23,1.6262,1.0,412.96
2950,4i,39,1.0372,1.0,478.83
2955,1i,23,1.2651,5.0,296.62
2955,2i,17,1.5999,1.0,294.93
2955,3i,23,1.3859,1.0,357.08
2955,4i,40,1.3339,1.0,478.83
2960,1i,23,2.0496,10.73,404.65
2960,2i,17,2.5547,33.01,409.55
2960,3i,24,2.3275,1.0,402.08
2960,4i,41,1.7845,1.0,478.83
2965,1i,22,1.9086,3.93,274.37
2965,2i,17,2.2023,8.57,282.5
2965,3i,24,1.616,1.0,312.8
2965,4i,41,1.3579,1.0,478.83
2970,1i,22,1.5618,1.0,274.37
2970,2i,18,3.0747,1.01,456.18
2970,3i,24,1.3525,1.0,312.11
2970,4i,41,1.0359,1.0,478.83
2975,1i,22,0.846,1.0,274.37
2975,2i,18,2.1061,1.0,338.19
2975,3i,22,1.0575,1.0,308.61
2975,4i,39,0.7005,1.0,478.83
2980,1i,23,1.3768,1.0,378.77
2980,2i,19,2.1081,1.0,378.67
2980,3i,21,0.2151,1.0,303.32
2980,4i,37,0.6822,1.0,478.83
2985,1i,23,0.9439,1.0,287.42
2985,2i,19,1.0729,1.0,288.23
2985,3i,21,0.0826,1.0,297.53
2985,4i,34,0.5043,1.0,478.83
2990,1i,23,1.0466,1.0,274.37
2990,2i,19,1.2286,1.0,279.71
2990,3i,21,0.0105,1.0,294.96
2990,4i,34,1.2739,1.0,478.78
2995,1i,24,2.029,1.0,403.74
2995,2i,19,1.4188,1.0,279.71
2995,3i,22,1.0117,1.0,410.31
2995,4i,32,0.8786,1.0,478.31
3000,1i,24,1.4011,1.0,310.81
3000,2i,19,1.0579,1.0,279.71
3000,3i,22,0.4399,1.0,335.54
3000,4i,33,1.3183,1.0,483.3
3005,1i,24,0.33,1.0,285.61
3005,2i,19,0.363,1.0,279.26
3005,3i,21,0.0075,34.43,322.9
3005,4i,34,2.6311,0.09,480.86
3010,1i,24,0.1695,1.0,284.96
3010,2i,19,0.2932,1.0,276.57
3010,3i,21,0.2374,24.97,322.88
3010,4i,33,2.14,18.74,476.22
3015,1i,27,2.7859,1.0,483.3
3015,2i,19,0.209,1.0,271.55
3015,3i,22,1.4976,13.8,483.3
3015,4i,34,2.3661,8.04,474.59
3020,1i,24,2.7447,1.0,377.56
3020,2i,16,0.1199,15.0,265.1
3020,3i,22,1.5114,13.71,349.13
3020,4i,35,2.3987,1.0,483.3
3025,1i,24,1.7745,1.0,289.75
3025,2i,16,0.0158,15.0,262.21
3025,3i,22,1.4998,13.71,322.88
3025,4i,35,2.1247,1.0,471.59
3030,1i,24,1.4925,1.0,275.06
3030,2i,16,0.0016,15.0,261.74
3030,3i,22,1.2164,13.71,322.88
3030,4i,36,1.8774,1.0,471.57
3035,1i,24,1.2809,1.0,274.4
3035,2i,16,0.0,15.0,261.71
3035,3i,22,0.8101,13.71,322.88
3035,4i,36,1.4402,1.0,471.57
3040,1i,24,1.2007,1.0,274.37
3040,2i,17,1.387,15.0,432.16
3040,3i,22,0.3528,1.0,322.88
3040,4i,38,2.1801,1.0,471.57
3045,1i,23,0.1534,1.0,274.37
3045,2i,17,0.9715,15.0,325.52
3045,3i,22,0.7535,1.0,322.05
3045,4i,38,1.6844,1.0,471.57
3050,1i,22,0.0404,1.0,274.37
3050,2i,17,0.2321,13.57,284.94
3050,3i,22,1.3781,1.0,317.82
3050,4i,38,1.2609,1.0,471.42
3055,1i,23,1.4636,1.0,456.5
3055,2i,16,0.4594,2.73,283.75
3055,3i,23,2.3636,1.0,456.16
3055,4i,39,1.5165,1.0,469.9
3060,1i,23,1.0484,1.0,342.53
3060,2i,16,0.0298,1.0,283.75
3060,3i,23,1.2808,1.0,358.28
3060,4i,40,1.4698,1.0,468.37
3065,1i,23,0.878,1.0,274.37
3065,2i,17,1.8131,1.0,404.48
3065,3i,22,1.03,13.71,301.91
3065,4i,38,1.3259,8.0,467.69
3070,1i,23,0.9892,1.0,274.37
3070,2i,17,1.0205,1.0,314.03
3070,3i,22,0.9372,13.71,294.81
3070,4i,36,1.5828,3.06,467.58
3075,1i,23,0.8112,1.0,274.37
3075,2i,18,1.8499,1.0,430.29
3075,3i,23,1.4594,13.71,435.01
3075,4i,34,1.2241,8.0,467.55
3080,1i,23,0.7384,1.0,274.37
3080,2i,18,1.8572,1.0,297.07
3080,3i,23,1.2989,13.71,338.77
3080,4i,33,1.6006,3.44,467.35
3085,1i,23,0.2962,1.0,274.37
3085,2i,19,3.286,1.0,483.3
3085,3i,24,1.9602,13.71,483.3
3085,4i,31,1.4921,5.84,466.18
3090,1i,23,0.2211,1.0,274.37
3090,2i,19,2.2478,1.0,363.69
3090,3i,24,1.4709,13.71,368.66
3090,4i,32,1.3465,1.0,472.99
3095,1i,23,0.2484,1.0,274.27
3095,2i,19,0.8274,1.0,300.81
3095,3i,24,0.8644,12.26,319.34
3095,4i,33,0.8997,1.0,482.61
3100,1i,23,0.1717,1.0,273.01
3100,2i,19,0.1913,1.0,293.69
3100,3i,23,0.4798,1.79,315.17
3100,4i,34,2.1304,1.0,478.08
3105,1i,23,0.1923,1.0,269.26
3105,2i,19,0.2797,1.0,289.3
3105,3i,23,0.3267,1.0,315.17
3105,4i,35,1.7833,1.0,483.12
3110,1i,21,0.1636,5.0,264.62
3110,2i,20,1.2555,1.0,437.66
3110,3i,23,0.1675,1.0,315.17
3110,4i,35,1.7546,1.0,480.74
3115,1i,21,0.039,5.0,261.23
3115,2i,19,0.8883,1.0,351.77
3115,3i,23,0.1187,1.0,315.17
3115,4i,35,1.1977,1.0,479.79
3120,1i,21,0.003,5.0,260.37
3120,2i,19,0.4222,1.0,299.47
3120,3i,23,0.1265,1.0,315.17
3120,4i,36,1.4825,1.0,483.3
3125,1i,21,0.0002,5.0,260.34
3125,2i,19,0.0451,1.0,281.47
3125,3i,23,0.1462,1.0,315.17
3125,4i,36,0.7925,1.0,479.57
3130,1i,21,0.0,5.0,260.33
3130,2i,19,0.0,1.0,280.75
3130,3i,23,0.0951,1.0,315.17
3130,4i,36,0.6876,1.0,479.57
3135,1i,23,1.9595,5.0,399.96
3135,2i,20,1.1628,1.0,380.92
3135,3i,25,1.5962,1.0,399.17
3135,4i,37,0.9425,1.0,479.57
3140,1i,22,1.8949,6.94,326.79
3140,2i,18,0.5249,44.72,306.45
3140,3i,25,1.1014,1.0,335.86
3140,4i,37,0.9127,1.0,479.57
3145,1i,21,1.6177,1.0,289.32
3145,2i,18,0.0042,44.72,293.47
3145,3i,25,0.9102,1.0,333.18
3145,4i,37,0.7693,1.0,479.57
3150,1i,21,0.7453,1.0,283.35
3150,2i,18,0.1919,37.31,293.46
3150,3i,25,0.8361,1.0,332.8
3150,4i,38,0.9927,1.0,479.57
3155,1i,21,0.1847,1.0,283.34
3155,2i,19,1.4152,28.99,456.51
3155,3i,24,1.5667,1.0,457.04
3155,4i,36,1.0335,0.06,479.57
3160,1i,21,0.2247,1.0,283.34
3160,2i,19,1.1291,28.72,348.45
3160,3i,23,0.6388,1.0,364.5
3160,4i,35,0.8747,8.0,479.57
3165,1i,21,0.2222,1.0,283.34
3165,2i,19,0.5994,28.72,301.05
3165,3i,23,0.0969,1.0,334.77
3165,4i,35,1.3098,1.88,479.57
3170,1i,21,0.2471,1.0,283.34
3170,2i,19,0.3744,28.72,297.47
3170,3i,24,1.1676,1.0,483.3
3170,4i,33,1.0959,8.0,479.53
3175,1i,21,0.2587,1.0,283.34
3175,2i,19,0.3021,28.72,297.46
3175,3i,24,0.6626,1.0,375.96
3175,4i,32,0.9282,0.32,478.57
3180,1i,22,1.2965,1.0,405.82
3180,2i,19,0.2414,28.72,297.46
3180,3i,24,0.7553,1.0,331.5
3180,4i,30,0.251,8.0,476.37
3185,1i,22,0.6114,1.0,325.92
3185,2i,19,0.2936,28.72,297.45
3185,3i,23,0.6577,20.01,331.5
3185,4i,30,0.3272,2.41,472.22
3190,1i,22,0.1733,1.0,308.82
3190,2i,19,0.3263,28.72,296.63
3190,3i,23,0.8019,10.19,331.5
3190,4i,29,0.0866,43.8,483.16
3195,1i,22,0.189,1.0,308.22
3195,2i,19,0.3623,28.72,293.49
3195,3i,23,0.9395,5.01,331.5
3195,4i,31,1.8723,32.97,480.06
3200,1i,21,0.0894,1.0,305.7
3200,2i,19,0.3033,28.72,287.23
3200,3i,23,0.3386,1.0,331.5
3200,4i,31,1.5711,23.26,477.41
3205,1i,21,0.0755,1.0,300.6
3205,2i,19,0.0814,28.72,282.93
3205,3i,24,0.853,1.0,399.05
3205,4i,32,2.3265,23.01,483.3
3210,1i,21,0.0183,1.0,297.48
3210,2i,20,1.2262,28.72,431.47
3210,3i,24,0.4711,1.0,349.01
3210,4i,33,2.5786,23.01,483.3
3215,1i,21,0.0017,1.0,296.82
3215,2i,20,0.7018,28.72,334.83
3215,3i,24,0.2773,1.0,345.5
3215,4i,33,1.9921,23.01,476.57
3220,1i,21,0.0002,1.0,296.76
3220,2i,20,0.7851,28.72,281.46
3220,3i,24,0.1149,1.0,345.5
3220,4i,33,1.5618,20.72,476.57
3225,1i,21,0.0,1.0,296.76
3225,2i,21,2.0688,28.72,456.87
3225,3i,25,1.1109,1.0,456.02
3225,4i,33,2.0059,20.71,476.57
3230,1i,20,0.1865,7.82,296.76
3230,2i,21,1.456,28.72,348.42
3230,3i,25,1.2589,1.0,371.36
3230,4i,36,3.3735,20.71,482.33
3235,1i,19,0.1935,27.39,296.76
3235,2i,21,0.9577,16.68,307.37
3235,3i,25,1.0495,1.0,346.94
3235,4i,37,3.285,20.71,479.81
3240,1i,19,0.237,15.13,296.76
3240,2i,21,0.2626,1.0,306.51
3240,3i,25,0.9082,1.0,345.39
3240,4i,38,3.3909,20.71,475.59
3245,1i,19,0.2827,15.04,296.76
3245,2i,21,0.2606,1.0,306.5
3245,3i,24,0.6486,5.0,344.27
3245,4i,38,3.6353,11.41,468.92
3250,1i,21,2.6611,15.04,408.01
3250,2i,23,2.4772,1.0,406.39
3250,3i,26,1.8818,0.41,424.64
3250,4i,36,2.168,23.01,462.61
3255,1i,21,1.9533,15.04,327.68
3255,2i,23,1.9204,1.0,328.74
3255,3i,26,1.456,0.0,368.49
3255,4i,36,1.502,10.17,482.41
3260,1i,21,1.4398,15.04,311.78
3260,2i,23,1.4819,1.0,310.54
3260,3i,26,1.1696,0.0,341.83
3260,4i,34,1.2434,15.6,479.88
3265,1i,21,1.2364,15.04,311.76
3265,2i,23,1.0792,1.0,310.5
3265,3i,26,0.5506,0.0,337.66
3265,4i,35,0.4883,13.52,483.28
3270,1i,21,0.5946,6.7,311.76
3270,2i,23,0.5368,1.0,310.5
3270,3i,26,0.0166,0.0,337.5
3270,4i,35,0.2464,13.52,481.85
3275,1i,21,0.9441,1.01,308.75
3275,2i,23,0.3511,1.0,310.47
3275,3i,25,0.0238,1.0,337.5
3275,4i,35,0.1796,13.52,477.96
3280,1i,21,1.1291,1.0,304.64
3280,2i,23,0.4319,1.0,309.42
3280,3i,24,0.1017,1.0,337.5
3280,4i,36,1.1595,1.28,473.27
3285,1i,21,1.0459,1.0,301.66
3285,2i,23,0.482,1.0,305.98
3285,3i,24,0.2796,1.0,337.5
3285,4i,37,0.6609,0.01,473.17
3290,1i,20,0.5896,15.04,297.63
3290,2i,21,0.3056,5.0,298.96
3290,3i,25,0.8937,1.0,389.75
3290,4i,38,1.1653,0.0,468.65
3295,1i,21,1.3964,15.04,432.27
3295,2i,22,0.9668,5.0,436.98
3295,3i,25,0.8031,1.0,337.5
3295,4i,38,1.0611,0.0,466.92
3300,1i,21,0.7723,15.04,332.86
3300,2i,22,0.6302,5.0,355.81
3300,3i,25,0.9291,1.0,337.5
3300,4i,38,0.992,0.0,466.59
3305,1i,21,0.1424,15.04,294.1
3305,2i,22,0.2987,5.0,309.31
3305,3i,25,0.6782,1.0,337.5
3305,4i,40,1.025,0.0,483.29
3310,1i,21,0.0024,15.04,291.12
3310,2i,22,0.0065,5.0,297.81
3310,3i,25,0.8217,1.0,337.5
3310,4i,41,1.5922,0.0,483.28
3315,1i,21,0.0,15.04,291.05
3315,2i,22,0.0,5.0,297.79
3315,3i,25,0.4005,1.0,337.5
3315,4i,41,1.0232,0.0,483.28
3320,1i,22,1.2697,12.93,404.87
3320,2i,22,0.6709,19.0,426.28
3320,3i,26,0.8695,1.0,423.44
3320,4i,41,0.8221,0.0,483.28
3325,1i,22,0.6643,5.73,319.42
3325,2i,22,0.6755,2.75,365.97
3325,3i,27,1.1777,1.0,456.42
3325,4i,42,1.3891,0.0,483.28
3330,1i,22,0.1352,5.0,298.28
3330,2i,22,0.4492,1.0,327.72
3330,3i,27,0.6848,1.0,378.26
3330,4i,42,1.2266,0.0,483.28
3335,1i,22,0.0748,5.0,298.05
3335,2i,22,0.3803,1.0,311.49
3335,3i,25,0.8482,9.0,377.71
3335,4i,42,0.8436,0.0,483.28
3340,1i,22,0.1128,5.0,298.05
3340,2i,23,1.0206,1.0,473.26
3340,3i,26,1.7715,9.0,483.3
3340,4i,43,0.9162,0.0,483.28
3345,1i,22,0.0878,5.0,298.05
3345,2i,23,0.9262,1.0,402.86
3345,3i,26,1.196,9.0,398.2
3345,4i,42,0.6974,0.0,483.28
3350,1i,22,0.1296,5.0,298.05
3350,2i,23,0.6098,1.0,354.89
3350,3i,26,0.7441,9.0,373.19
3350,4i,41,0.4588,0.0,483.28
3355,1i,22,0.1112,5.0,298.05
3355,2i,23,1.4136,1.0,329.4
3355,3i,25,0.0046,9.0,371.45
3355,4i,42,0.9156,0.0,483.28
3360,1i,22,0.0798,5.0,298.05
3360,2i,23,1.9385,1.0,320.58
3360,3i,25,0.0007,9.0,371.32
3360,4i,42,0.8206,0.0,483.24
3365,1i,23,1.2614,5.0,429.69
3365,2i,23,1.9136,1.0,315.82
3365,3i,26,0.9888,7.58,432.64
3365,4i,41,0.9481,4.41,482.97
3370,1i,23,1.2798,5.0,298.03
3370,2i,23,0.7259,1.0,311.82
3370,3i,25,1.5108,1.92,371.29
3370,4i,41,1.4324,1.0,482.4
3375,1i,23,1.2546,5.0,297.61
3375,2i,23,0.3307,1.0,307.26
3375,3i,25,1.0511,1.0,371.29
3375,4i,41,1.2021,1.0,481.8
3380,1i,23,0.9093,5.0,296.01
3380,2i,23,0.2074,1.0,300.79
3380,3i,25,1.0861,1.0,371.29
3380,4i,41,0.8939,1.0,481.42
3385,1i,22,0.0529,5.0,294.31
3385,2i,23,0.0465,1.0,295.14
3385,3i,25,0.6062,1.0,371.29
3385,4i,42,1.1937,1.0,481.31
3390,1i,22,0.0083,5.0,292.31
3390,2i,23,0.0022,1.0,294.57
3390,3i,26,0.5361,1.0,428.78
3390,4i,42,0.8143,1.0,481.29
3395,1i,22,0.0025,5.0,292.05
3395,2i,23,0.0001,1.0,294.54
3395,3i,26,0.3253,1.0,393.01
3395,4i,42,0.4591,1.0,481.28
3400,1i,22,0.0002,5.0,292.01
3400,2i,23,0.0,1.0,294.54
3400,3i,26,0.2095,1.0,379.43
3400,4i,43,1.0081,1.0,481.28
3405,1i,22,0.0,5.0,292.01
3405,2i,24,0.6988,1.0,402.06
3405,3i,27,0.9758,1.0,389.19
3405,4i,43,0.7946,1.0,481.28
3410,1i,21,0.0348,11.27,292.01
3410,2i,24,1.8131,1.92,456.98
3410,3i,28,2.3813,1.0,460.67
3410,4i,43,0.5396,1.0,481.28
3415,1i,20,0.2783,23.86,292.01
3415,2i,23,1.4656,14.32,354.37
3415,3i,28,2.3397,1.0,407.76
3415,4i,44,1.0417,1.0,483.3
3420,1i,20,0.2026,15.06,292.01
3420,2i,23,0.8485,14.32,316.77
3420,3i,28,1.9474,1.0,386.22
3420,4i,44,0.7317,1.0,481.28
3425,1i,20,0.2707,15.0,292.01
3425,2i,24,1.719,14.32,383.88
3425,3i,28,2.5358,1.0,384.07
3425,4i,43,0.529,6.52,481.28
3430,1i,20,0.3077,15.0,292.01
3430,2i,24,1.3377,14.32,316.58
3430,3i,28,1.5086,1.0,376.71
3430,4i,43,0.9977,6.52,481.28
3435,1i,20,0.2713,15.0,292.01
3435,2i,24,1.1143,14.32,316.58
3435,3i,29,1.5158,1.0,426.57
3435,4i,42,0.5984,6.52,481.28
3440,1i,20,0.3302,15.0,292.01
3440,2i,24,0.7497,14.32,316.58
3440,3i,30,1.4192,1.0,473.26
3440,4i,43,0.9536,6.52,481.28
3445,1i,20,0.146,15.0,292.01
3445,2i,24,0.2543,1.79,316.58
3445,3i,29,0.6174,1.0,383.81
3445,4i,43,0.688,6.52,481.24
3450,1i,20,0.3534,15.0,290.06
3450,2i,24,0.159,1.0,316.58
3450,3i,29,0.5855,1.0,378.05
3450,4i,44,0.9734,6.52,480.77
3455,1i,20,0.2676,15.0,288.11
3455,2i,24,0.137,1.0,316.49
3455,3i,27,0.7552,6.03,378.04
3455,4i,44,0.8732,6.52,479.94
3460,1i,20,0.2497,15.0,287.88
3460,2i,25,0.8985,1.0,388.98
3460,3i,28,1.1065,1.04,412.76
3460,4i,43,0.6242,4.7,479.21
3465,1i,20,0.1605,15.0,286.38
3465,2i,25,0.2998,1.0,330.62
3465,3i,28,0.4473,1.0,385.17
3465,4i,44,1.5509,1.0,478.5
3470,1i,20,0.1922,15.0,281.66
3470,2i,24,0.0639,14.32,322.51
3470,3i,28,0.2989,1.0,385.04
3470,4i,44,1.0117,1.0,478.06
3475,1i,20,0.1127,15.0,275.6
3475,2i,24,0.0127,14.32,321.14
3475,3i,28,0.0872,1.0,385.04
3475,4i,44,0.6864,1.0,477.91
3480,1i,21,1.2964,15.0,456.3
3480,2i,24,0.0015,14.32,320.66
3480,3i,31,2.4784,1.0,462.23
3480,4i,45,1.1498,1.0,477.89
3485,1i,21,1.2685,15.0,322.99
3485,2i,24,0.0002,14.32,320.59
3485,3i,31,1.7007,1.0,398.28
3485,4i,45,0.7757,1.0,477.89
3490,1i,21,1.2407,15.0,273.01
3490,2i,24,0.0,14.32,320.58
3490,3i,31,1.4067,1.0,392.05
3490,4i,46,0.9698,1.0,477.89
3495,1i,21,0.881,15.0,273.0
3495,2i,24,0.0,14.32,320.58
3495,3i,31,1.3439,1.0,392.04
3495,4i,46,0.8256,1.0,477.89
3500,1i,21,0.4076,9.12,273.0
3500,2i,24,0.0434,11.65,320.58
3500,3i,31,0.9095,1.0,392.04
3500,4i,47,1.0122,1.0,480.3
3505,1i,22,0.9278,1.0,419.47
3505,2i,25,1.0279,1.52,430.83
3505,3i,31,0.3678,1.0,392.04
3505,4i,47,0.8056,1.0,477.89
3510,1i,22,0.5847,1.0,351.78
3510,2i,25,0.6309,1.0,377.94
3510,3i,31,0.1155,1.0,391.88
3510,4i,48,1.0634,1.0,483.3
3515,1i,22,0.3659,1.0,319.35
3515,2i,25,0.3801,1.0,347.36
3515,3i,30,0.1264,1.0,391.08
3515,4i,47,0.8951,5.0,477.89
3520,1i,23,0.9418,1.0,419.31
3520,2i,26,0.9149,1.0,414.25
3520,3i,31,0.728,1.0,413.59
3520,4i,45,0.9416,1.87,477.89
3525,1i,23,0.8862,1.0,333.35
3525,2i,26,0.8009,1.0,338.63
3525,3i,32,1.2469,1.0,480.3
3525,4i,44,0.9447,5.0,477.89
3530,1i,23,0.9238,1.0,315.72
3530,2i,26,0.738,1.0,338.63
3530,3i,32,0.7815,1.0,409.46
3530,4i,44,1.3533,5.0,477.88
3535,1i,23,0.8446,1.0,315.72
3535,2i,26,0.8797,1.0,338.63
3535,3i,32,0.6152,1.0,398.5
3535,4i,43,1.1661,5.0,477.61
3540,1i,24,1.5791,1.0,417.17
3540,2i,26,0.8461,1.0,338.63
3540,3i,32,0.4787,1.0,397.33
3540,4i,43,1.0844,5.0,476.61
3545,1i,24,1.2344,1.0,323.86
3545,2i,26,0.4137,1.0,338.62
3545,3i,30,0.2815,3.18,396.29
3545,4i,44,1.3326,1.69,474.41
3550,1i,24,0.9776,1.0,315.72
3550,2i,26,0.2117,1.0,337.97
3550,3i,31,0.5362,1.0,452.8
3550,4i,43,1.2098,1.31,471.85
3555,1i,24,0.9032,1.0,315.72
3555,2i,26,0.2141,1.0,335.89
3555,3i,31,0.3812,1.0,417.26
3555,4i,45,1.3263,1.0,474.45
3560,1i,23,0.986,1.0,315.29
3560,2i,25,0.1646,1.0,332.2
3560,3i,32,0.8319,1.0,403.04
3560,4i,45,1.02,1.0,473.47
3565,1i,21,0.0847,1.0,313.6
3565,2i,25,0.457,1.0,327.94
3565,3i,32,0.5884,1.0,402.45
3565,4i,45,0.7258,1.0,473.3
3570,1i,21,0.0532,1.0,310.76
3570,2i,24,0.0176,1.0,325.17
3570,3i,32,0.6236,1.0,402.45
3570,4i,45,0.4605,1.0,473.28
3575,1i,21,0.0369,1.0,306.95
3575,2i,24,0.0007,1.0,324.6
3575,3i,33,1.0797,1.0,439.16
3575,4i,46,0.5792,1.0,473.28
3580,1i,21,0.0068,1.0,306.07
3580,2i,24,0.0,1.0,324.58
3580,3i,33,0.6373,1.0,416.62
3580,4i,46,0.5055,1.0,473.28
3585,1i,21,0.0006,1.0,305.75
3585,2i,24,0.0,1.0,324.58
3585,3i,33,0.1983,1.0,416.49
3585,4i,46,0.4643,1.0,473.28
3590,1i,20,0.0874,10.26,305.72
3590,2i,22,0.0,44.47,324.58
3590,3i,33,0.1308,1.0,416.49
3590,4i,46,0.4901,1.0,473.28
3595,1i,20,1.4781,28.94,483.3
3595,2i,24,2.4148,38.1,483.3
3595,3i,34,0.6108,1.0,480.3
3595,4i,48,1.3322,1.0,483.3
3600,1i,20,1.2126,16.65,372.56
3600,2i,24,1.4659,27.85,386.25
3600,3i,34,0.327,1.0,426.53
3600,4i,48,1.9922,1.0,477.39
