timestamp,approach_edge,true_queue_length_m,true_queue_beyond_camera
0,1i,0.0,False
5,1i,0.0,False
10,1i,0.0,False
15,1i,0.0,False
20,1i,0.0,False
25,1i,0.0,False
30,1i,1.0,False
35,1i,1.0,False
40,1i,1.0,False
45,1i,1.0,False
50,1i,1.0,False
55,1i,1.0,False
60,1i,1.0,False
65,1i,1.0,False
70,1i,5.0,False
75,1i,5.0,False
80,1i,1.0,False
85,1i,1.0,False
90,1i,1.0,False
95,1i,1.0,False
100,1i,1.0,False
105,1i,1.0,False
110,1i,15.04,False
115,1i,15.04,False
120,1i,15.04,False
125,1i,15.04,False
130,1i,15.04,False
135,1i,15.04,False
140,1i,1.0,False
145,1i,1.0,False
150,1i,13.71,False
155,1i,13.71,False
160,1i,13.71,False
165,1i,13.71,False
170,1i,0.0,False
175,1i,0.0,False
180,1i,0.0,False
185,1i,1.0,False
190,1i,1.0,False
195,1i,1.0,False
200,1i,1.0,False
205,1i,1.0,False
210,1i,1.0,False
215,1i,1.0,False
220,1i,1.0,False
225,1i,1.0,False
230,1i,1.0,False
235,1i,5.0,False
240,1i,5.0,False
245,1i,5.0,False
250,1i,5.0,False
255,1i,5.0,False
260,1i,0.0,False
265,1i,0.0,False
270,1i,1.0,False
275,1i,1.0,False
280,1i,1.0,False
285,1i,1.0,False
290,1i,1.0,False
295,1i,1.0,False
300,1i,1.0,False
305,1i,8.01,False
310,1i,8.0,False
315,1i,8.0,False
320,1i,1.0,False
325,1i,1.0,False
330,1i,1.0,False
335,1i,1.0,False
340,1i,1.0,False
345,1i,1.0,False
350,1i,0.0,False
355,1i,1.0,False
360,1i,1.0,False
365,1i,1.0,False
370,1i,1.0,False
375,1i,1.0,False
380,1i,1.0,False
385,1i,1.0,False
390,1i,1.0,False
395,1i,1.0,False
400,1i,5.0,False
405,1i,5.0,False
410,1i,1.0,False
415,1i,1.0,False
420,1i,1.0,False
425,1i,1.0,False
430,1i,1.0,False
435,1i,1.0,False
440,1i,0.0,False
445,1i,0.0,False
450,1i,1.0,False
455,1i,1.0,False
460,1i,1.0,False
465,1i,1.0,False
470,1i,1.0,False
475,1i,1.0,False
480,1i,1.0,False
485,1i,8.0,False
490,1i,8.0,False
495,1i,8.0,False
500,1i,8.0,False
505,1i,8.0,False
510,1i,8.0,False
515,1i,8.0,False
520,1i,20.71,False
525,1i,20.71,False
530,1i,20.17,False
535,1i,0.0,False
540,1i,1.0,False
545,1i,1.0,False
550,1i,1.0,False
555,1i,1.0,False
560,1i,5.0,False
565,1i,5.0,False
570,1i,5.0,False
575,1i,5.0,False
580,1i,5.0,False
585,1i,5.0,False
590,1i,5.0,False
595,1i,5.0,False
600,1i,12.0,False
605,1i,12.0,False
610,1i,12.0,False
615,1i,12.0,False
620,1i,0.0,False
625,1i,0.0,False
630,1i,1.0,False
635,1i,1.0,False
640,1i,1.0,False
645,1i,1.0,False
650,1i,1.0,False
655,1i,1.0,False
660,1i,1.0,False
665,1i,15.04,False
670,1i,15.04,False
675,1i,15.04,False
680,1i,8.03,False
685,1i,8.0,False
690,1i,8.0,False
695,1i,8.0,False
700,1i,8.0,False
705,1i,8.0,False
710,1i,0.0,False
715,1i,0.0,False
720,1i,0.0,False
725,1i,1.0,False
730,1i,1.0,False
735,1i,1.0,False
740,1i,1.0,False
745,1i,1.0,False
750,1i,1.0,False
755,1i,1.0,False
760,1i,1.0,False
765,1i,5.0,False
770,1i,1.0,False
775,1i,1.0,False
780,1i,1.0,False
785,1i,1.0,False
790,1i,1.0,False
795,1i,1.0,False
800,1i,0.0,False
805,1i,1.0,False
810,1i,1.0,False
815,1i,1.0,False
820,1i,1.0,False
825,1i,1.0,False
830,1i,1.0,False
835,1i,1.0,False
840,1i,1.0,False
845,1i,13.76,False
850,1i,13.71,False
855,1i,13.71,False
860,1i,13.71,False
865,1i,13.71,False
870,1i,13.71,False
875,1i,13.71,False
880,1i,13.71,False
885,1i,13.71,False
890,1i,0.0,False
895,1i,0.0,False
900,1i,1.0,False
905,1i,1.0,False
910,1i,1.0,False
915,1i,1.0,False
920,1i,1.0,False
925,1i,1.0,False
930,1i,5.0,False
935,1i,5.0,False
940,1i,5.0,False
945,1i,8.0,False
950,1i,5.0,False
955,1i,5.0,False
960,1i,5.0,False
965,1i,5.0,False
970,1i,9.0,False
975,1i,9.0,False
980,1i,1.0,False
985,1i,1.0,False
990,1i,1.0,False
995,1i,1.0,False
1000,1i,1.0,False
1005,1i,1.0,False
1010,1i,1.0,False
1015,1i,1.0,False
1020,1i,5.0,False
1025,1i,5.0,False
1030,1i,5.0,False
1035,1i,5.0,False
1040,1i,1.0,False
1045,1i,1.0,False
1050,1i,15.08,False
1055,1i,15.04,False
1060,1i,15.04,False
1065,1i,15.04,False
1070,1i,0.0,False
1075,1i,0.0,False
1080,1i,1.0,False
1085,1i,1.0,False
1090,1i,1.0,False
1095,1i,1.0,False
1100,1i,1.0,False
1105,1i,8.0,False
1110,1i,8.0,False
1115,1i,8.0,False
1120,1i,8.0,False
1125,1i,8.0,False
1130,1i,22.04,False
1135,1i,22.04,False
1140,1i,22.04,False
1145,1i,22.04,False
1150,1i,22.04,False
1155,1i,22.04,False
1160,1i,21.27,False
1165,1i,0.0,False
1170,1i,1.0,False
1175,1i,5.0,False
1180,1i,5.0,False
1185,1i,5.0,False
1190,1i,5.0,False
1195,1i,5.0,False
1200,1i,5.0,False
1205,1i,5.0,False
1210,1i,5.0,False
1215,1i,9.0,False
1220,1i,9.0,False
1225,1i,9.0,False
1230,1i,9.0,False
1235,1i,9.0,False
1240,1i,9.0,False
1245,1i,9.0,False
1250,1i,8.21,False
1255,1i,1.0,False
1260,1i,1.0,False
1265,1i,1.0,False
1270,1i,1.0,False
1275,1i,1.0,False
1280,1i,1.0,False
1285,1i,1.0,False
1290,1i,1.0,False
1295,1i,8.01,False
1300,1i,8.0,False
1305,1i,8.0,False
1310,1i,13.71,False
1315,1i,13.71,False
1320,1i,13.71,False
1325,1i,13.71,False
1330,1i,13.71,False
1335,1i,27.75,False
1340,1i,26.98,False
1345,1i,1.0,False
1350,1i,14.68,False
1355,1i,14.68,False
1360,1i,14.68,False
1365,1i,14.68,False
1370,1i,14.68,False
1375,1i,14.68,False
1380,1i,14.68,False
1385,1i,18.68,False
1390,1i,18.68,False
1395,1i,18.68,False
1400,1i,18.68,False
1405,1i,18.68,False
1410,1i,18.68,False
1415,1i,31.4,False
1420,1i,31.39,False
1425,1i,31.39,False
1430,1i,31.39,False
1435,1i,0.0,False
1440,1i,17.75,False
1445,1i,17.71,False
1450,1i,17.71,False
1455,1i,17.71,False
1460,1i,17.71,False
1465,1i,17.71,False
1470,1i,35.87,False
1475,1i,39.76,False
1480,1i,39.76,False
1485,1i,46.76,False
1490,1i,53.78,False
1495,1i,53.76,False
1500,1i,57.76,False
1505,1i,64.76,False
1510,1i,64.76,False
1515,1i,68.77,False
1520,1i,68.76,False
1525,1i,72.76,False
1530,1i,79.76,False
1535,1i,30.08,False
1540,1i,48.1,False
1545,1i,67.32,False
1550,1i,71.07,False
1555,1i,75.06,False
1560,1i,75.05,False
1565,1i,79.06,False
1570,1i,79.06,False
1575,1i,83.06,False
1580,1i,83.06,False
1585,1i,83.06,False
1590,1i,101.1,False
1595,1i,101.1,False
1600,1i,105.13,False
1605,1i,117.81,False
1610,1i,117.81,False
1615,1i,121.81,False
1620,1i,128.82,False
1625,1i,128.81,False
1630,1i,128.78,False
1635,1i,134.47,False
1640,1i,145.6,False
1645,1i,105.26,False
1650,1i,118.17,False
1655,1i,135.88,False
1660,1i,152.59,True
1665,1i,152.53,True
1670,1i,156.53,True
1675,1i,163.53,True
1680,1i,163.53,True
1685,1i,167.53,True
1690,1i,174.53,True
1695,1i,174.53,True
1700,1i,181.53,True
1705,1i,185.61,True
1710,1i,185.53,True
1715,1i,189.53,True
1720,1i,189.53,True
1725,1i,193.53,True
1730,1i,193.53,True
1735,1i,197.48,True
1740,1i,208.91,True
1745,1i,205.23,True
1750,1i,172.13,True
1755,1i,200.25,True
1760,1i,203.42,True
1765,1i,207.26,True
1770,1i,214.25,True
1775,1i,214.25,True
1780,1i,221.25,True
1785,1i,221.25,True
1790,1i,225.25,True
1795,1i,225.25,True
1800,1i,232.25,True
1805,1i,244.96,True
1810,1i,244.96,True
1815,1i,248.98,True
1820,1i,261.68,True
1825,1i,268.68,True
1830,1i,268.67,True
1835,1i,272.67,True
1840,1i,279.5,True
1845,1i,276.95,True
1850,1i,230.68,True
1855,1i,254.14,True
1860,1i,273.55,True
1865,1i,272.76,True
1870,1i,276.69,True
1875,1i,283.68,True
1880,1i,283.68,True
1885,1i,287.68,True
1890,1i,291.68,True
1895,1i,291.68,True
1900,1i,298.69,True
1905,1i,298.68,True
1910,1i,302.68,True
1915,1i,306.69,True
1920,1i,306.68,True
1925,1i,313.68,True
1930,1i,317.69,True
1935,1i,317.68,True
1940,1i,321.38,True
1945,1i,319.04,True
1950,1i,321.38,True
1955,1i,292.63,True
1960,1i,311.77,True
1965,1i,327.97,True
1970,1i,331.51,True
1975,1i,331.41,True
1980,1i,338.57,True
1985,1i,351.2,True
1990,1i,351.11,True
1995,1i,358.11,True
2000,1i,358.11,True
2005,1i,365.11,True
2010,1i,369.11,True
2015,1i,369.11,True
2020,1i,369.11,True
2025,1i,387.19,True
2030,1i,387.15,True
2035,1i,387.15,True
2040,1i,394.1,True
2045,1i,407.85,True
2050,1i,413.5,True
2055,1i,410.86,True
2060,1i,398.37,True
2065,1i,416.14,True
2070,1i,414.69,True
2075,1i,418.34,True
2080,1i,422.25,True
2085,1i,422.2,True
2090,1i,429.2,True
2095,1i,433.52,True
2100,1i,433.2,True
2105,1i,440.2,True
2110,1i,440.2,True
2115,1i,444.2,True
2120,1i,458.25,True
2125,1i,458.24,True
2130,1i,472.28,True
2135,1i,476.3,True
2140,1i,480.36,True
2145,1i,480.17,True
2150,1i,479.25,True
2155,1i,482.0,True
2160,1i,479.01,True
2165,1i,419.71,True
2170,1i,451.81,True
2175,1i,472.54,True
2180,1i,470.58,True
2185,1i,470.28,True
2190,1i,470.25,True
2195,1i,470.25,True
2200,1i,470.25,True
2205,1i,470.25,True
2210,1i,470.25,True
2215,1i,470.25,True
2220,1i,470.25,True
2225,1i,470.25,True
2230,1i,470.24,True
2235,1i,470.14,True
2240,1i,469.44,True
2245,1i,466.98,True
2250,1i,478.33,True
2255,1i,457.59,True
2260,1i,467.55,True
2265,1i,471.72,True
2270,1i,470.64,True
2275,1i,470.58,True
2280,1i,470.58,True
2285,1i,470.58,True
2290,1i,470.58,True
2295,1i,470.58,True
2300,1i,470.58,True
2305,1i,470.58,True
2310,1i,470.58,True
2315,1i,470.58,True
2320,1i,470.55,True
2325,1i,470.29,True
2330,1i,468.88,True
2335,1i,465.98,True
2340,1i,477.3,True
2345,1i,481.1,True
2350,1i,478.37,True
2355,1i,477.67,True
2360,1i,477.62,True
2365,1i,477.62,True
2370,1i,477.62,True
2375,1i,477.62,True
2380,1i,477.62,True
2385,1i,477.62,True
2390,1i,477.62,True
2395,1i,477.62,True
2400,1i,477.62,True
2405,1i,477.62,True
2410,1i,477.61,True
2415,1i,477.4,True
2420,1i,476.67,True
2425,1i,474.67,True
2430,1i,462.12,True
2435,1i,471.2,True
2440,1i,468.53,True
2445,1i,481.85,True
2450,1i,481.63,True
2455,1i,481.62,True
2460,1i,481.62,True
2465,1i,467.44,True
2470,1i,433.95,True
2475,1i,453.14,True
2480,1i,414.94,True
2485,1i,447.41,True
2490,1i,458.9,True
2495,1i,471.04,True
2500,1i,434.92,True
2505,1i,461.06,True
2510,1i,419.28,True
2515,1i,405.26,True
2520,1i,415.36,True
2525,1i,443.08,True
2530,1i,442.94,True
2535,1i,442.94,True
2540,1i,449.94,True
2545,1i,449.94,True
2550,1i,449.94,True
2555,1i,449.94,True
2560,1i,449.94,True
2565,1i,449.94,True
2570,1i,449.94,True
2575,1i,449.94,True
2580,1i,453.94,True
2585,1i,453.94,True
2590,1i,453.94,True
2595,1i,453.94,True
2600,1i,453.94,True
2605,1i,453.94,True
2610,1i,453.94,True
2615,1i,453.94,True
2620,1i,457.94,True
2625,1i,457.94,True
2630,1i,457.72,True
2635,1i,456.96,True
2640,1i,455.48,True
2645,1i,454.95,True
2650,1i,454.73,True
2655,1i,454.7,True
2660,1i,467.41,True
2665,1i,467.41,True
2670,1i,467.41,True
2675,1i,467.41,True
2680,1i,467.35,True
2685,1i,466.72,True
2690,1i,465.44,True
2695,1i,464.02,True
2700,1i,470.29,True
2705,1i,469.94,True
2710,1i,469.69,True
2715,1i,468.91,True
2720,1i,468.03,True
2725,1i,467.28,True
2730,1i,466.97,True
2735,1i,466.93,True
2740,1i,470.93,True
2745,1i,470.93,True
2750,1i,470.93,True
2755,1i,470.92,True
2760,1i,470.92,True
2765,1i,470.92,True
2770,1i,470.92,True
2775,1i,470.92,True
2780,1i,470.87,True
2785,1i,470.54,True
2790,1i,469.37,True
2795,1i,467.97,True
2800,1i,467.19,True
2805,1i,467.04,True
2810,1i,467.01,True
2815,1i,467.0,True
2820,1i,467.0,True
2825,1i,467.0,True
2830,1i,467.0,True
2835,1i,467.0,True
2840,1i,467.0,True
2845,1i,467.0,True
2850,1i,467.0,True
2855,1i,467.0,True
2860,1i,466.74,True
2865,1i,479.73,True
2870,1i,477.62,True
2875,1i,475.24,True
2880,1i,474.1,True
2885,1i,473.73,True
2890,1i,473.69,True
2895,1i,473.69,True
2900,1i,473.69,True
2905,1i,473.69,True
2910,1i,473.69,True
2915,1i,473.69,True
2920,1i,473.69,True
2925,1i,444.79,True
2930,1i,472.8,True
2935,1i,478.97,True
2940,1i,441.45,True
2945,1i,468.8,True
2950,1i,470.23,True
2955,1i,452.96,True
2960,1i,470.22,True
2965,1i,443.57,True
2970,1i,453.5,True
2975,1i,459.75,True
2980,1i,459.69,True
2985,1i,472.4,True
2990,1i,472.4,True
2995,1i,472.4,True
3000,1i,472.4,True
3005,1i,472.4,True
3010,1i,472.39,True
3015,1i,472.39,True
3020,1i,472.39,True
3025,1i,472.39,True
3030,1i,472.39,True
3035,1i,472.3,True
3040,1i,472.07,True
3045,1i,471.87,True
3050,1i,471.46,True
3055,1i,470.33,True
3060,1i,482.02,True
3065,1i,480.83,True
3070,1i,480.47,True
3075,1i,480.4,True
3080,1i,480.4,True
3085,1i,480.4,True
3090,1i,480.4,True
3095,1i,480.4,True
3100,1i,480.4,True
3105,1i,480.4,True
3110,1i,480.4,True
3115,1i,480.4,True
3120,1i,480.39,True
3125,1i,480.27,True
3130,1i,479.58,True
3135,1i,482.11,True
3140,1i,480.83,True
3145,1i,479.74,True
3150,1i,479.48,True
3155,1i,479.42,True
3160,1i,479.41,True
3165,1i,479.41,True
3170,1i,479.41,True
3175,1i,479.41,True
3180,1i,479.41,True
3185,1i,479.41,True
3190,1i,479.41,True
3195,1i,479.41,True
3200,1i,479.41,True
3205,1i,479.41,True
3210,1i,479.39,True
3215,1i,479.1,True
3220,1i,477.53,True
3225,1i,479.14,True
3230,1i,475.82,True
3235,1i,480.36,True
3240,1i,482.85,True
3245,1i,480.81,True
3250,1i,480.44,True
3255,1i,480.4,True
3260,1i,480.4,True
3265,1i,480.4,True
3270,1i,480.4,True
3275,1i,469.4,True
3280,1i,473.65,True
3285,1i,480.29,True
3290,1i,476.95,True
3295,1i,475.94,True
3300,1i,461.11,True
3305,1i,467.24,True
3310,1i,453.58,True
3315,1i,465.21,True
3320,1i,455.27,True
3325,1i,457.71,True
3330,1i,457.42,True
3335,1i,457.39,True
3340,1i,457.39,True
3345,1i,457.39,True
3350,1i,457.39,True
3355,1i,461.39,True
3360,1i,461.39,True
3365,1i,461.39,True
3370,1i,461.39,True
3375,1i,461.39,True
3380,1i,461.39,True
3385,1i,461.39,True
3390,1i,461.39,True
3395,1i,465.36,True
3400,1i,464.98,True
3405,1i,464.02,True
3410,1i,463.0,True
3415,1i,462.54,True
3420,1i,462.41,True
3425,1i,462.4,True
3430,1i,462.39,True
3435,1i,462.39,True
3440,1i,466.4,True
3445,1i,466.4,True
3450,1i,466.4,True
3455,1i,466.4,True
3460,1i,466.4,True
3465,1i,466.4,True
3470,1i,446.81,True
3475,1i,458.67,True
3480,1i,462.31,True
3485,1i,461.79,True
3490,1i,460.42,True
3495,1i,457.5,True
3500,1i,432.4,True
3505,1i,443.94,True
3510,1i,446.92,True
3515,1i,446.71,True
3520,1i,450.69,True
3525,1i,450.68,True
3530,1i,450.68,True
3535,1i,450.68,True
3540,1i,450.68,True
3545,1i,450.68,True
3550,1i,450.68,True
3555,1i,450.68,True
3560,1i,457.69,True
3565,1i,457.68,True
3570,1i,457.62,True
3575,1i,457.16,True
3580,1i,455.34,True
3585,1i,439.68,True
3590,1i,450.21,True
3595,1i,449.76,True
3600,1i,456.74,True
0,2i,0.0,False
5,2i,0.0,False
10,2i,0.0,False
15,2i,0.0,False
20,2i,0.0,False
25,2i,1.0,False
30,2i,1.0,False
35,2i,1.0,False
40,2i,1.0,False
45,2i,1.0,False
50,2i,1.0,False
55,2i,1.0,False
60,2i,1.0,False
65,2i,1.0,False
70,2i,5.0,False
75,2i,5.0,False
80,2i,0.0,False
85,2i,0.0,False
90,2i,0.0,False
95,2i,0.0,False
100,2i,0.0,False
105,2i,1.0,False
110,2i,1.0,False
115,2i,1.0,False
120,2i,1.0,False
125,2i,1.0,False
130,2i,1.0,False
135,2i,1.0,False
140,2i,1.0,False
145,2i,1.0,False
150,2i,1.0,False
155,2i,1.0,False
160,2i,5.0,False
165,2i,5.0,False
170,2i,0.0,False
175,2i,0.0,False
180,2i,0.0,False
185,2i,1.0,False
190,2i,1.01,False
195,2i,1.0,False
200,2i,1.0,False
205,2i,1.0,False
210,2i,1.0,False
215,2i,1.0,False
220,2i,1.0,False
225,2i,1.0,False
230,2i,1.0,False
235,2i,5.0,False
240,2i,5.0,False
245,2i,5.0,False
250,2i,5.0,False
255,2i,5.0,False
260,2i,0.0,False
265,2i,0.0,False
270,2i,1.0,False
275,2i,1.0,False
280,2i,1.0,False
285,2i,1.0,False
290,2i,1.0,False
295,2i,1.0,False
300,2i,1.0,False
305,2i,1.0,False
310,2i,1.0,False
315,2i,15.07,False
320,2i,1.0,False
325,2i,1.0,False
330,2i,1.0,False
335,2i,1.0,False
340,2i,1.0,False
345,2i,1.0,False
350,2i,0.0,False
355,2i,0.0,False
360,2i,1.0,False
365,2i,1.0,False
370,2i,1.0,False
375,2i,1.0,False
380,2i,1.0,False
385,2i,1.0,False
390,2i,1.0,False
395,2i,15.1,False
400,2i,15.04,False
405,2i,15.04,False
410,2i,13.71,False
415,2i,13.71,False
420,2i,13.71,False
425,2i,13.71,False
430,2i,13.71,False
435,2i,17.73,False
440,2i,16.87,False
445,2i,0.0,False
450,2i,0.0,False
455,2i,0.0,False
460,2i,0.0,False
465,2i,0.0,False
470,2i,1.0,False
475,2i,1.0,False
480,2i,1.0,False
485,2i,1.0,False
490,2i,1.0,False
495,2i,1.0,False
500,2i,1.0,False
505,2i,1.0,False
510,2i,1.0,False
515,2i,1.0,False
520,2i,8.0,False
525,2i,8.0,False
530,2i,0.0,False
535,2i,0.0,False
540,2i,0.0,False
545,2i,0.0,False
550,2i,1.0,False
555,2i,1.0,False
560,2i,1.0,False
565,2i,1.0,False
570,2i,1.0,False
575,2i,1.0,False
580,2i,1.0,False
585,2i,15.04,False
590,2i,1.0,False
595,2i,1.0,False
600,2i,13.72,False
605,2i,13.71,False
610,2i,13.71,False
615,2i,13.71,False
620,2i,0.0,False
625,2i,1.0,False
630,2i,1.0,False
635,2i,1.0,False
640,2i,1.0,False
645,2i,1.0,False
650,2i,1.0,False
655,2i,1.0,False
660,2i,1.0,False
665,2i,5.0,False
670,2i,5.0,False
675,2i,5.0,False
680,2i,1.0,False
685,2i,1.0,False
690,2i,13.71,False
695,2i,13.71,False
700,2i,13.71,False
705,2i,13.71,False
710,2i,0.0,False
715,2i,0.0,False
720,2i,0.0,False
725,2i,1.0,False
730,2i,1.0,False
735,2i,1.0,False
740,2i,1.0,False
745,2i,1.0,False
750,2i,1.0,False
755,2i,1.0,False
760,2i,1.0,False
765,2i,8.0,False
770,2i,1.0,False
775,2i,13.71,False
780,2i,13.71,False
785,2i,13.71,False
790,2i,13.71,False
795,2i,13.71,False
800,2i,0.0,False
805,2i,1.0,False
810,2i,1.0,False
815,2i,1.0,False
820,2i,1.0,False
825,2i,1.0,False
830,2i,1.0,False
835,2i,1.0,False
840,2i,1.0,False
845,2i,5.0,False
850,2i,5.0,False
855,2i,5.0,False
860,2i,5.0,False
865,2i,5.0,False
870,2i,5.0,False
875,2i,5.0,False
880,2i,5.0,False
885,2i,9.03,False
890,2i,0.0,False
895,2i,0.0,False
900,2i,1.0,False
905,2i,1.0,False
910,2i,1.0,False
915,2i,1.0,False
920,2i,1.0,False
925,2i,1.0,False
930,2i,1.0,False
935,2i,1.0,False
940,2i,1.0,False
945,2i,1.0,False
950,2i,1.0,False
955,2i,1.0,False
960,2i,1.0,False
965,2i,1.0,False
970,2i,5.0,False
975,2i,5.0,False
980,2i,1.01,False
985,2i,1.0,False
990,2i,1.0,False
995,2i,1.0,False
1000,2i,1.0,False
1005,2i,1.0,False
1010,2i,1.0,False
1015,2i,1.0,False
1020,2i,15.05,False
1025,2i,15.04,False
1030,2i,15.04,False
1035,2i,15.04,False
1040,2i,1.0,False
1045,2i,1.0,False
1050,2i,1.0,False
1055,2i,1.0,False
1060,2i,13.76,False
1065,2i,13.71,False
1070,2i,0.0,False
1075,2i,0.0,False
1080,2i,1.0,False
1085,2i,1.0,False
1090,2i,1.0,False
1095,2i,15.04,False
1100,2i,15.04,False
1105,2i,15.04,False
1110,2i,15.04,False
1115,2i,15.04,False
1120,2i,15.04,False
1125,2i,15.04,False
1130,2i,15.04,False
1135,2i,22.04,False
1140,2i,22.04,False
1145,2i,22.04,False
1150,2i,22.04,False
1155,2i,22.04,False
1160,2i,21.48,False
1165,2i,0.0,False
1170,2i,7.85,False
1175,2i,14.85,False
1180,2i,14.85,False
1185,2i,14.85,False
1190,2i,14.85,False
1195,2i,14.85,False
1200,2i,14.85,False
1205,2i,14.85,False
1210,2i,14.85,False
1215,2i,18.85,False
1220,2i,18.85,False
1225,2i,18.85,False
1230,2i,18.85,False
1235,2i,18.85,False
1240,2i,18.85,False
1245,2i,18.85,False
1250,2i,18.85,False
1255,2i,1.0,False
1260,2i,5.0,False
1265,2i,5.0,False
1270,2i,5.0,False
1275,2i,5.0,False
1280,2i,5.0,False
1285,2i,5.0,False
1290,2i,5.0,False
1295,2i,9.01,False
1300,2i,9.0,False
1305,2i,9.0,False
1310,2i,9.0,False
1315,2i,9.0,False
1320,2i,9.0,False
1325,2i,9.0,False
1330,2i,9.0,False
1335,2i,9.0,False
1340,2i,13.0,False
1345,2i,1.0,False
1350,2i,1.0,False
1355,2i,1.0,False
1360,2i,1.0,False
1365,2i,1.0,False
1370,2i,1.0,False
1375,2i,13.76,False
1380,2i,13.71,False
1385,2i,15.04,False
1390,2i,15.04,False
1395,2i,15.04,False
1400,2i,8.0,False
1405,2i,8.0,False
1410,2i,8.0,False
1415,2i,8.0,False
1420,2i,20.71,False
1425,2i,20.71,False
1430,2i,0.0,False
1435,2i,0.0,False
1440,2i,1.0,False
1445,2i,1.0,False
1450,2i,1.0,False
1455,2i,1.0,False
1460,2i,5.0,False
1465,2i,13.77,False
1470,2i,13.71,False
1475,2i,17.75,False
1480,2i,17.71,False
1485,2i,24.71,False
1490,2i,30.05,False
1495,2i,30.01,False
1500,2i,34.01,False
1505,2i,34.01,False
1510,2i,41.01,False
1515,2i,41.01,False
1520,2i,41.01,False
1525,2i,48.01,False
1530,2i,15.15,False
1535,2i,33.14,False
1540,2i,65.74,False
1545,2i,65.44,False
1550,2i,69.43,False
1555,2i,73.44,False
1560,2i,73.43,False
1565,2i,73.43,False
1570,2i,80.43,False
1575,2i,93.14,False
1580,2i,100.14,False
1585,2i,104.15,False
1590,2i,104.15,False
1595,2i,108.16,False
1600,2i,108.15,False
1605,2i,115.15,False
1610,2i,115.15,False
1615,2i,115.15,False
1620,2i,131.88,False
1625,2i,135.89,False
1630,2i,135.24,False
1635,2i,86.47,False
1640,2i,114.52,False
1645,2i,117.88,False
1650,2i,135.92,False
1655,2i,142.9,False
1660,2i,146.91,False
1665,2i,146.9,False
1670,2i,150.9,True
1675,2i,150.9,True
1680,2i,157.9,True
1685,2i,170.61,True
1690,2i,174.62,True
1695,2i,174.62,True
1700,2i,181.62,True
1705,2i,181.62,True
1710,2i,181.62,True
1715,2i,188.62,True
1720,2i,209.84,True
1725,2i,209.66,True
1730,2i,213.63,True
1735,2i,117.27,False
1740,2i,124.38,False
1745,2i,155.22,True
1750,2i,176.04,True
1755,2i,198.09,True
1760,2i,201.98,True
1765,2i,208.96,True
1770,2i,212.97,True
1775,2i,212.95,True
1780,2i,219.96,True
1785,2i,227.05,True
1790,2i,226.96,True
1795,2i,233.96,True
1800,2i,233.96,True
1805,2i,233.96,True
1810,2i,250.69,True
1815,2i,250.67,True
1820,2i,254.67,True
1825,2i,258.69,True
1830,2i,258.62,True
1835,2i,261.8,True
1840,2i,247.99,True
1845,2i,215.22,True
1850,2i,245.15,True
1855,2i,249.97,True
1860,2i,253.34,True
1865,2i,253.2,True
1870,2i,281.27,True
1875,2i,285.27,True
1880,2i,285.27,True
1885,2i,285.27,True
1890,2i,289.27,True
1895,2i,303.37,True
1900,2i,317.35,True
1905,2i,324.35,True
1910,2i,324.35,True
1915,2i,331.35,True
1920,2i,338.37,True
1925,2i,338.36,True
1930,2i,342.36,True
1935,2i,342.1,True
1940,2i,345.33,True
1945,2i,342.49,True
1950,2i,318.56,True
1955,2i,337.75,True
1960,2i,343.4,True
1965,2i,355.87,True
1970,2i,362.86,True
1975,2i,362.84,True
1980,2i,366.85,True
1985,2i,370.85,True
1990,2i,370.85,True
1995,2i,374.85,True
2000,2i,378.86,True
2005,2i,378.85,True
2010,2i,382.85,True
2015,2i,382.85,True
2020,2i,386.85,True
2025,2i,390.87,True
2030,2i,390.85,True
2035,2i,397.84,True
2040,2i,410.19,True
2045,2i,408.16,True
2050,2i,346.98,True
2055,2i,358.51,True
2060,2i,400.15,True
2065,2i,403.62,True
2070,2i,405.79,True
2075,2i,417.8,True
2080,2i,417.59,True
2085,2i,421.58,True
2090,2i,435.61,True
2095,2i,435.61,True
2100,2i,439.61,True
2105,2i,452.32,True
2110,2i,452.32,True
2115,2i,459.32,True
2120,2i,463.32,True
2125,2i,463.32,True
2130,2i,470.32,True
2135,2i,477.32,True
2140,2i,477.25,True
2145,2i,476.56,True
2150,2i,481.87,True
2155,2i,478.85,True
2160,2i,458.04,True
2165,2i,470.72,True
2170,2i,473.74,True
2175,2i,473.36,True
2180,2i,473.32,True
2185,2i,473.32,True
2190,2i,473.32,True
2195,2i,473.32,True
2200,2i,473.32,True
2205,2i,473.32,True
2210,2i,473.32,True
2215,2i,473.32,True
2220,2i,473.32,True
2225,2i,473.31,True
2230,2i,473.17,True
2235,2i,472.04,True
2240,2i,481.95,True
2245,2i,464.3,True
2250,2i,460.16,True
2255,2i,469.57,True
2260,2i,477.05,True
2265,2i,476.63,True
2270,2i,476.59,True
2275,2i,476.59,True
2280,2i,476.59,True
2285,2i,476.59,True
2290,2i,476.59,True
2295,2i,476.59,True
2300,2i,476.59,True
2305,2i,476.59,True
2310,2i,476.59,True
2315,2i,476.58,True
2320,2i,476.45,True
2325,2i,475.83,True
2330,2i,449.5,True
2335,2i,477.43,True
2340,2i,435.84,True
2345,2i,468.29,True
2350,2i,473.78,True
2355,2i,473.36,True
2360,2i,473.29,True
2365,2i,473.28,True
2370,2i,473.28,True
2375,2i,473.28,True
2380,2i,473.28,True
2385,2i,473.28,True
2390,2i,473.28,True
2395,2i,473.28,True
2400,2i,473.28,True
2405,2i,473.28,True
2410,2i,473.03,True
2415,2i,471.52,True
2420,2i,459.38,True
2425,2i,463.63,True
2430,2i,460.34,True
2435,2i,471.68,True
2440,2i,471.07,True
2445,2i,471.0,True
2450,2i,470.99,True
2455,2i,470.99,True
2460,2i,482.17,True
2465,2i,481.73,True
2470,2i,476.02,True
2475,2i,434.13,True
2480,2i,464.64,True
2485,2i,460.49,True
2490,2i,462.08,True
2495,2i,464.54,True
2500,2i,462.65,True
2505,2i,448.64,True
2510,2i,407.61,True
2515,2i,447.89,True
2520,2i,445.81,True
2525,2i,445.34,True
2530,2i,445.31,True
2535,2i,445.31,True
2540,2i,449.32,True
2545,2i,449.31,True
2550,2i,449.31,True
2555,2i,449.31,True
2560,2i,449.31,True
2565,2i,449.31,True
2570,2i,449.31,True
2575,2i,449.31,True
2580,2i,463.36,True
2585,2i,463.35,True
2590,2i,463.26,True
2595,2i,462.78,True
2600,2i,461.86,True
2605,2i,460.84,True
2610,2i,460.43,True
2615,2i,460.37,True
2620,2i,467.36,True
2625,2i,467.36,True
2630,2i,467.36,True
2635,2i,467.36,True
2640,2i,467.36,True
2645,2i,467.36,True
2650,2i,467.36,True
2655,2i,467.36,True
2660,2i,474.36,True
2665,2i,474.36,True
2670,2i,474.36,True
2675,2i,474.34,True
2680,2i,474.08,True
2685,2i,473.16,True
2690,2i,472.46,True
2695,2i,472.01,True
2700,2i,471.49,True
2705,2i,471.13,True
2710,2i,470.93,True
2715,2i,470.88,True
2720,2i,470.87,True
2725,2i,470.87,True
2730,2i,470.87,True
2735,2i,470.87,True
2740,2i,470.87,True
2745,2i,470.87,True
2750,2i,470.87,True
2755,2i,470.87,True
2760,2i,470.86,True
2765,2i,470.71,True
2770,2i,470.11,True
2775,2i,468.51,True
2780,2i,473.61,True
2785,2i,471.21,True
2790,2i,469.02,True
2795,2i,468.43,True
2800,2i,468.33,True
2805,2i,468.32,True
2810,2i,468.32,True
2815,2i,468.32,True
2820,2i,468.32,True
2825,2i,468.32,True
2830,2i,468.32,True
2835,2i,468.32,True
2840,2i,468.32,True
2845,2i,468.32,True
2850,2i,468.32,True
2855,2i,468.26,True
2860,2i,467.66,True
2865,2i,479.25,True
2870,2i,476.33,True
2875,2i,481.58,True
2880,2i,480.59,True
2885,2i,480.12,True
2890,2i,480.03,True
2895,2i,480.03,True
2900,2i,480.03,True
2905,2i,460.08,True
2910,2i,479.05,True
2915,2i,450.84,True
2920,2i,476.78,True
2925,2i,473.68,True
2930,2i,378.37,True
2935,2i,407.95,True
2940,2i,450.96,True
2945,2i,446.44,True
2950,2i,450.85,True
2955,2i,429.11,True
2960,2i,441.89,True
2965,2i,441.11,True
2970,2i,441.03,True
2975,2i,441.02,True
2980,2i,441.02,True
2985,2i,441.02,True
2990,2i,445.02,True
2995,2i,445.02,True
3000,2i,445.02,True
3005,2i,445.02,True
3010,2i,445.02,True
3015,2i,445.02,True
3020,2i,445.02,True
3025,2i,445.02,True
3030,2i,457.73,True
3035,2i,457.73,True
3040,2i,457.73,True
3045,2i,457.73,True
3050,2i,457.73,True
3055,2i,457.72,True
3060,2i,457.58,True
3065,2i,457.4,True
3070,2i,461.32,True
3075,2i,461.27,True
3080,2i,461.27,True
3085,2i,461.27,True
3090,2i,461.27,True
3095,2i,461.27,True
3100,2i,461.27,True
3105,2i,461.27,True
3110,2i,465.27,True
3115,2i,465.27,True
3120,2i,465.27,True
3125,2i,465.27,True
3130,2i,465.27,True
3135,2i,465.27,True
3140,2i,465.27,True
3145,2i,465.27,True
3150,2i,469.27,True
3155,2i,469.23,True
3160,2i,468.7,True
3165,2i,466.73,True
3170,2i,464.35,True
3175,2i,462.77,True
3180,2i,462.1,True
3185,2i,462.03,True
3190,2i,469.03,True
3195,2i,469.03,True
3200,2i,469.03,True
3205,2i,469.03,True
3210,2i,469.03,True
3215,2i,469.03,True
3220,2i,469.03,True
3225,2i,469.03,True
3230,2i,473.03,True
3235,2i,472.87,True
3240,2i,472.04,True
3245,2i,469.13,True
3250,2i,467.31,True
3255,2i,466.16,True
3260,2i,465.78,True
3265,2i,465.74,True
3270,2i,465.74,True
3275,2i,469.74,True
3280,2i,469.74,True
3285,2i,469.74,True
3290,2i,469.74,True
3295,2i,469.74,True
3300,2i,469.73,True
3305,2i,469.61,True
3310,2i,468.74,True
3315,2i,472.12,True
3320,2i,470.95,True
3325,2i,470.12,True
3330,2i,469.82,True
3335,2i,469.74,True
3340,2i,469.74,True
3345,2i,469.74,True
3350,2i,469.74,True
3355,2i,476.74,True
3360,2i,476.74,True
3365,2i,476.74,True
3370,2i,476.74,True
3375,2i,476.74,True
3380,2i,476.36,True
3385,2i,450.46,True
3390,2i,464.92,True
3395,2i,467.76,True
3400,2i,465.36,True
3405,2i,440.62,True
3410,2i,441.75,True
3415,2i,451.75,True
3420,2i,450.85,True
3425,2i,450.74,True
3430,2i,450.73,True
3435,2i,463.48,True
3440,2i,463.44,True
3445,2i,463.44,True
3450,2i,463.44,True
3455,2i,463.44,True
3460,2i,463.44,True
3465,2i,463.44,True
3470,2i,463.44,True
3475,2i,476.16,True
3480,2i,476.12,True
3485,2i,475.62,True
3490,2i,473.56,True
3495,2i,438.6,True
3500,2i,467.57,True
3505,2i,466.34,True
3510,2i,466.16,True
3515,2i,466.15,True
3520,2i,470.15,True
3525,2i,469.82,True
3530,2i,467.85,True
3535,2i,466.4,True
3540,2i,466.16,True
3545,2i,466.02,True
3550,2i,464.17,True
3555,2i,461.06,True
3560,2i,466.39,True
3565,2i,465.31,True
3570,2i,464.43,True
3575,2i,462.0,True
3580,2i,457.72,True
3585,2i,445.03,True
3590,2i,450.74,True
3595,2i,449.54,True
3600,2i,456.36,True
0,3i,0.0,False
5,3i,0.0,False
10,3i,0.0,False
15,3i,0.0,False
20,3i,0.0,False
25,3i,0.0,False
30,3i,0.0,False
35,3i,1.0,False
40,3i,1.0,False
45,3i,1.0,False
50,3i,1.0,False
55,3i,1.0,False
60,3i,1.0,False
65,3i,8.01,False
70,3i,8.0,False
75,3i,8.0,False
80,3i,8.0,False
85,3i,8.0,False
90,3i,8.0,False
95,3i,1.0,False
100,3i,1.0,False
105,3i,1.0,False
110,3i,1.0,False
115,3i,8.06,False
120,3i,8.0,False
125,3i,0.0,False
130,3i,0.0,False
135,3i,0.0,False
140,3i,0.0,False
145,3i,1.0,False
150,3i,1.0,False
155,3i,1.0,False
160,3i,1.0,False
165,3i,1.0,False
170,3i,1.0,False
175,3i,1.0,False
180,3i,1.0,False
185,3i,1.0,False
190,3i,1.0,False
195,3i,8.0,False
200,3i,8.0,False
205,3i,8.0,False
210,3i,8.0,False
215,3i,0.0,False
220,3i,0.0,False
225,3i,1.05,False
230,3i,1.0,False
235,3i,1.0,False
240,3i,1.0,False
245,3i,1.0,False
250,3i,1.0,False
255,3i,1.0,False
260,3i,1.0,False
265,3i,5.01,False
270,3i,5.0,False
275,3i,13.71,False
280,3i,13.71,False
285,3i,13.71,False
290,3i,13.71,False
295,3i,13.71,False
300,3i,13.71,False
305,3i,1.0,False
310,3i,1.0,False
315,3i,1.0,False
320,3i,1.0,False
325,3i,1.0,False
330,3i,1.0,False
335,3i,1.0,False
340,3i,1.0,False
345,3i,5.0,False
350,3i,5.0,False
355,3i,8.0,False
360,3i,8.0,False
365,3i,5.0,False
370,3i,5.0,False
375,3i,5.0,False
380,3i,5.0,False
385,3i,5.0,False
390,3i,5.0,False
395,3i,0.0,False
400,3i,0.0,False
405,3i,0.0,False
410,3i,0.0,False
415,3i,0.0,False
420,3i,0.0,False
425,3i,1.0,False
430,3i,1.0,False
435,3i,1.0,False
440,3i,1.0,False
445,3i,1.0,False
450,3i,1.0,False
455,3i,1.0,False
460,3i,1.0,False
465,3i,1.0,False
470,3i,1.0,False
475,3i,5.0,False
480,3i,5.0,False
485,3i,0.0,False
490,3i,0.0,False
495,3i,0.0,False
500,3i,0.0,False
505,3i,1.0,False
510,3i,1.0,False
515,3i,1.0,False
520,3i,1.0,False
525,3i,1.0,False
530,3i,1.0,False
535,3i,1.0,False
540,3i,1.0,False
545,3i,1.0,False
550,3i,1.0,False
555,3i,1.0,False
560,3i,1.0,False
565,3i,1.0,False
570,3i,5.0,False
575,3i,0.0,False
580,3i,0.0,False
585,3i,1.0,False
590,3i,1.0,False
595,3i,1.0,False
600,3i,1.0,False
605,3i,1.0,False
610,3i,1.0,False
615,3i,1.0,False
620,3i,1.0,False
625,3i,5.0,False
630,3i,5.0,False
635,3i,1.0,False
640,3i,13.71,False
645,3i,13.71,False
650,3i,13.71,False
655,3i,13.71,False
660,3i,13.71,False
665,3i,1.0,False
670,3i,1.0,False
675,3i,1.0,False
680,3i,1.0,False
685,3i,1.0,False
690,3i,1.0,False
695,3i,1.0,False
700,3i,1.0,False
705,3i,8.01,False
710,3i,8.0,False
715,3i,8.0,False
720,3i,8.0,False
725,3i,1.0,False
730,3i,5.0,False
735,3i,5.0,False
740,3i,5.0,False
745,3i,5.0,False
750,3i,5.0,False
755,3i,0.0,False
760,3i,0.0,False
765,3i,1.02,False
770,3i,1.0,False
775,3i,1.0,False
780,3i,1.0,False
785,3i,1.0,False
790,3i,1.0,False
795,3i,1.0,False
800,3i,1.0,False
805,3i,8.0,False
810,3i,8.0,False
815,3i,8.0,False
820,3i,8.0,False
825,3i,8.0,False
830,3i,8.0,False
835,3i,8.0,False
840,3i,8.0,False
845,3i,0.0,False
850,3i,0.0,False
855,3i,0.1,False
860,3i,1.01,False
865,3i,1.0,False
870,3i,1.0,False
875,3i,1.0,False
880,3i,1.0,False
885,3i,1.0,False
890,3i,1.0,False
895,3i,1.0,False
900,3i,12.81,False
905,3i,12.81,False
910,3i,12.81,False
915,3i,12.81,False
920,3i,12.81,False
925,3i,26.88,False
930,3i,26.86,False
935,3i,26.06,False
940,3i,0.0,False
945,3i,1.01,False
950,3i,1.0,False
955,3i,1.0,False
960,3i,1.0,False
965,3i,1.0,False
970,3i,5.0,False
975,3i,5.0,False
980,3i,13.71,False
985,3i,13.71,False
990,3i,13.71,False
995,3i,5.0,False
1000,3i,5.0,False
1005,3i,5.0,False
1010,3i,12.0,False
1015,3i,12.0,False
1020,3i,12.0,False
1025,3i,1.0,False
1030,3i,1.0,False
1035,3i,1.0,False
1040,3i,1.0,False
1045,3i,1.0,False
1050,3i,1.0,False
1055,3i,1.0,False
1060,3i,15.04,False
1065,3i,15.04,False
1070,3i,15.04,False
1075,3i,15.04,False
1080,3i,15.04,False
1085,3i,1.0,False
1090,3i,15.07,False
1095,3i,15.04,False
1100,3i,15.04,False
1105,3i,15.04,False
1110,3i,15.04,False
1115,3i,0.0,False
1120,3i,0.0,False
1125,3i,1.0,False
1130,3i,1.0,False
1135,3i,5.0,False
1140,3i,5.0,False
1145,3i,5.0,False
1150,3i,5.0,False
1155,3i,5.0,False
1160,3i,5.0,False
1165,3i,5.0,False
1170,3i,5.0,False
1175,3i,12.0,False
1180,3i,12.0,False
1185,3i,12.0,False
1190,3i,12.0,False
1195,3i,12.0,False
1200,3i,12.0,False
1205,3i,11.05,False
1210,3i,0.0,False
1215,3i,1.0,False
1220,3i,1.0,False
1225,3i,1.0,False
1230,3i,1.0,False
1235,3i,1.0,False
1240,3i,1.0,False
1245,3i,1.0,False
1250,3i,1.0,False
1255,3i,13.71,False
1260,3i,15.04,False
1265,3i,13.71,False
1270,3i,13.71,False
1275,3i,13.71,False
1280,3i,13.71,False
1285,3i,13.71,False
1290,3i,13.71,False
1295,3i,0.0,False
1300,3i,1.0,False
1305,3i,1.0,False
1310,3i,1.0,False
1315,3i,1.0,False
1320,3i,1.0,False
1325,3i,1.0,False
1330,3i,1.0,False
1335,3i,1.0,False
1340,3i,15.04,False
1345,3i,15.04,False
1350,3i,15.04,False
1355,3i,1.0,False
1360,3i,1.0,False
1365,3i,1.0,False
1370,3i,1.0,False
1375,3i,15.05,False
1380,3i,15.04,False
1385,3i,0.0,False
1390,3i,0.0,False
1395,3i,1.0,False
1400,3i,1.0,False
1405,3i,1.0,False
1410,3i,1.0,False
1415,3i,1.0,False
1420,3i,1.0,False
1425,3i,5.11,False
1430,3i,5.0,False
1435,3i,5.0,False
1440,3i,5.0,False
1445,3i,5.0,False
1450,3i,5.0,False
1455,3i,5.0,False
1460,3i,17.71,False
1465,3i,21.72,False
1470,3i,21.71,False
1475,3i,25.72,False
1480,3i,1.0,False
1485,3i,9.06,False
1490,3i,16.0,False
1495,3i,23.01,False
1500,3i,27.01,False
1505,3i,27.01,False
1510,3i,33.05,False
1515,3i,40.05,False
1520,3i,40.05,False
1525,3i,44.05,False
1530,3i,44.05,False
1535,3i,49.01,False
1540,3i,54.6,False
1545,3i,49.01,False
1550,3i,70.08,False
1555,3i,70.05,False
1560,3i,70.05,False
1565,3i,86.78,False
1570,3i,90.77,False
1575,3i,90.77,False
1580,3i,93.81,False
1585,3i,55.17,False
1590,3i,76.0,False
1595,3i,86.8,False
1600,3i,86.76,False
1605,3i,103.48,False
1610,3i,103.48,False
1615,3i,107.48,False
1620,3i,107.48,False
1625,3i,107.48,False
1630,3i,128.53,False
1635,3i,132.58,False
1640,3i,132.52,False
1645,3i,132.52,False
1650,3i,132.52,False
1655,3i,153.56,True
1660,3i,157.56,True
1665,3i,164.57,True
1670,3i,164.56,True
1675,3i,171.57,True
1680,3i,171.31,True
1685,3i,172.81,True
1690,3i,144.58,False
1695,3i,170.02,True
1700,3i,167.85,True
1705,3i,167.57,True
1710,3i,185.62,True
1715,3i,189.61,True
1720,3i,189.61,True
1725,3i,196.61,True
1730,3i,203.61,True
1735,3i,203.61,True
1740,3i,210.61,True
1745,3i,217.61,True
1750,3i,217.61,True
1755,3i,221.62,True
1760,3i,221.61,True
1765,3i,228.61,True
1770,3i,235.62,True
1775,3i,235.62,True
1780,3i,239.59,True
1785,3i,242.89,True
1790,3i,233.96,True
1795,3i,205.09,True
1800,3i,222.42,True
1805,3i,230.21,True
1810,3i,250.81,True
1815,3i,250.66,True
1820,3i,257.66,True
1825,3i,257.66,True
1830,3i,261.66,True
1835,3i,261.66,True
1840,3i,261.66,True
1845,3i,282.7,True
1850,3i,286.7,True
1855,3i,286.7,True
1860,3i,293.7,True
1865,3i,293.7,True
1870,3i,300.7,True
1875,3i,304.71,True
1880,3i,304.7,True
1885,3i,304.31,True
1890,3i,321.61,True
1895,3i,318.41,True
1900,3i,268.0,True
1905,3i,280.79,True
1910,3i,307.19,True
1915,3i,320.0,True
1920,3i,333.84,True
1925,3i,346.51,True
1930,3i,350.5,True
1935,3i,354.54,True
1940,3i,354.5,True
1945,3i,361.51,True
1950,3i,361.5,True
1955,3i,365.5,True
1960,3i,365.5,True
1965,3i,369.5,True
1970,3i,373.51,True
1975,3i,373.51,True
1980,3i,380.51,True
1985,3i,380.45,True
1990,3i,383.81,True
1995,3i,395.9,True
2000,3i,392.28,True
2005,3i,351.71,True
2010,3i,386.3,True
2015,3i,387.29,True
2020,3i,390.14,True
2025,3i,393.9,True
2030,3i,393.84,True
2035,3i,397.84,True
2040,3i,401.84,True
2045,3i,401.84,True
2050,3i,408.84,True
2055,3i,408.84,True
2060,3i,412.84,True
2065,3i,419.85,True
2070,3i,419.85,True
2075,3i,426.85,True
2080,3i,433.92,True
2085,3i,433.83,True
2090,3i,437.54,True
2095,3i,440.66,True
2100,3i,438.76,True
2105,3i,415.36,True
2110,3i,437.67,True
2115,3i,439.12,True
2120,3i,437.96,True
2125,3i,441.87,True
2130,3i,455.9,True
2135,3i,462.89,True
2140,3i,462.89,True
2145,3i,469.89,True
2150,3i,469.89,True
2155,3i,469.89,True
2160,3i,469.89,True
2165,3i,469.89,True
2170,3i,469.89,True
2175,3i,469.89,True
2180,3i,469.89,True
2185,3i,469.81,True
2190,3i,469.3,True
2195,3i,466.78,True
2200,3i,477.94,True
2205,3i,481.67,True
2210,3i,419.09,True
2215,3i,469.8,True
2220,3i,479.42,True
2225,3i,478.28,True
2230,3i,478.23,True
2235,3i,478.22,True
2240,3i,478.22,True
2245,3i,478.22,True
2250,3i,478.22,True
2255,3i,478.22,True
2260,3i,478.22,True
2265,3i,478.22,True
2270,3i,478.22,True
2275,3i,478.14,True
2280,3i,477.66,True
2285,3i,476.13,True
2290,3i,464.6,True
2295,3i,468.49,True
2300,3i,478.05,True
2305,3i,475.97,True
2310,3i,475.3,True
2315,3i,475.2,True
2320,3i,475.19,True
2325,3i,475.18,True
2330,3i,475.18,True
2335,3i,475.18,True
2340,3i,475.18,True
2345,3i,475.18,True
2350,3i,475.18,True
2355,3i,475.18,True
2360,3i,475.18,True
2365,3i,475.18,True
2370,3i,474.95,True
2375,3i,473.49,True
2380,3i,478.98,True
2385,3i,475.9,True
2390,3i,472.47,True
2395,3i,471.57,True
2400,3i,471.22,True
2405,3i,471.19,True
2410,3i,471.18,True
2415,3i,471.18,True
2420,3i,471.18,True
2425,3i,471.18,True
2430,3i,471.18,True
2435,3i,471.18,True
2440,3i,471.18,True
2445,3i,471.18,True
2450,3i,471.18,True
2455,3i,471.15,True
2460,3i,470.69,True
2465,3i,468.82,True
2470,3i,465.74,True
2475,3i,469.86,True
2480,3i,466.11,True
2485,3i,464.43,True
2490,3i,464.18,True
2495,3i,464.15,True
2500,3i,464.14,True
2505,3i,464.14,True
2510,3i,443.91,True
2515,3i,427.25,True
2520,3i,429.35,True
2525,3i,478.32,True
2530,3i,472.31,True
2535,3i,392.1,True
2540,3i,412.51,True
2545,3i,451.94,True
2550,3i,456.37,True
2555,3i,443.28,True
2560,3i,403.45,True
2565,3i,435.57,True
2570,3i,442.25,True
2575,3i,442.22,True
2580,3i,446.28,True
2585,3i,446.22,True
2590,3i,446.22,True
2595,3i,446.22,True
2600,3i,446.22,True
2605,3i,446.22,True
2610,3i,446.22,True
2615,3i,446.22,True
2620,3i,460.26,True
2625,3i,460.26,True
2630,3i,460.26,True
2635,3i,460.25,True
2640,3i,460.18,True
2645,3i,460.02,True
2650,3i,459.72,True
2655,3i,459.65,True
2660,3i,463.58,True
2665,3i,463.2,True
2670,3i,462.4,True
2675,3i,461.51,True
2680,3i,460.88,True
2685,3i,460.59,True
2690,3i,460.5,True
2695,3i,460.49,True
2700,3i,464.49,True
2705,3i,464.49,True
2710,3i,464.49,True
2715,3i,464.49,True
2720,3i,464.49,True
2725,3i,464.48,True
2730,3i,464.44,True
2735,3i,464.06,True
2740,3i,467.56,True
2745,3i,466.72,True
2750,3i,465.85,True
2755,3i,464.48,True
2760,3i,463.57,True
2765,3i,463.28,True
2770,3i,463.22,True
2775,3i,463.22,True
2780,3i,463.22,True
2785,3i,463.22,True
2790,3i,463.22,True
2795,3i,463.22,True
2800,3i,463.22,True
2805,3i,463.22,True
2810,3i,463.19,True
2815,3i,462.84,True
2820,3i,461.67,True
2825,3i,473.05,True
2830,3i,471.34,True
2835,3i,470.87,True
2840,3i,470.8,True
2845,3i,470.79,True
2850,3i,470.79,True
2855,3i,470.79,True
2860,3i,470.79,True
2865,3i,470.79,True
2870,3i,470.79,True
2875,3i,470.79,True
2880,3i,470.79,True
2885,3i,470.79,True
2890,3i,470.79,True
2895,3i,470.79,True
2900,3i,470.77,True
2905,3i,470.59,True
2910,3i,482.36,True
2915,3i,480.18,True
2920,3i,476.65,True
2925,3i,474.12,True
2930,3i,472.81,True
2935,3i,472.65,True
2940,3i,472.64,True
2945,3i,472.64,True
2950,3i,472.64,True
2955,3i,472.64,True
2960,3i,459.93,True
2965,3i,456.36,True
2970,3i,431.26,True
2975,3i,473.54,True
2980,3i,477.25,True
2985,3i,479.81,True
2990,3i,477.84,True
2995,3i,475.5,True
3000,3i,472.26,True
3005,3i,444.4,True
3010,3i,464.55,True
3015,3i,462.53,True
3020,3i,462.36,True
3025,3i,469.49,True
3030,3i,469.35,True
3035,3i,469.35,True
3040,3i,469.35,True
3045,3i,469.35,True
3050,3i,469.35,True
3055,3i,469.35,True
3060,3i,469.35,True
3065,3i,476.35,True
3070,3i,476.35,True
3075,3i,476.35,True
3080,3i,476.28,True
3085,3i,475.84,True
3090,3i,474.75,True
3095,3i,473.89,True
3100,3i,473.69,True
3105,3i,480.52,True
3110,3i,480.1,True
3115,3i,479.53,True
3120,3i,479.24,True
3125,3i,479.17,True
3130,3i,479.16,True
3135,3i,479.16,True
3140,3i,479.15,True
3145,3i,479.03,True
3150,3i,478.6,True
3155,3i,478.04,True
3160,3i,477.62,True
3165,3i,477.41,True
3170,3i,477.22,True
3175,3i,476.57,True
3180,3i,478.7,True
3185,3i,476.28,True
3190,3i,482.04,True
3195,3i,480.73,True
3200,3i,480.58,True
3205,3i,480.56,True
3210,3i,480.56,True
3215,3i,480.56,True
3220,3i,480.56,True
3225,3i,426.41,True
3230,3i,478.76,True
3235,3i,443.82,True
3240,3i,469.55,True
3245,3i,468.45,True
3250,3i,466.56,True
3255,3i,464.85,True
3260,3i,463.31,True
3265,3i,439.1,True
3270,3i,456.74,True
3275,3i,437.58,True
3280,3i,451.73,True
3285,3i,450.43,True
3290,3i,450.34,True
3295,3i,450.34,True
3300,3i,450.34,True
3305,3i,450.34,True
3310,3i,450.34,True
3315,3i,454.34,True
3320,3i,454.34,True
3325,3i,454.34,True
3330,3i,454.34,True
3335,3i,454.34,True
3340,3i,454.31,True
3345,3i,453.97,True
3350,3i,453.25,True
3355,3i,459.45,True
3360,3i,458.52,True
3365,3i,458.06,True
3370,3i,457.9,True
3375,3i,457.88,True
3380,3i,457.88,True
3385,3i,457.88,True
3390,3i,457.88,True
3395,3i,462.02,True
3400,3i,461.88,True
3405,3i,461.88,True
3410,3i,461.88,True
3415,3i,461.88,True
3420,3i,461.88,True
3425,3i,461.88,True
3430,3i,461.87,True
3435,3i,465.84,True
3440,3i,465.21,True
3445,3i,464.05,True
3450,3i,462.9,True
3455,3i,462.24,True
3460,3i,462.04,True
3465,3i,461.99,True
3470,3i,461.99,True
3475,3i,469.03,True
3480,3i,468.99,True
3485,3i,468.99,True
3490,3i,468.99,True
3495,3i,468.99,True
3500,3i,468.99,True
3505,3i,468.99,True
3510,3i,468.99,True
3515,3i,481.73,True
3520,3i,481.7,True
3525,3i,481.67,True
3530,3i,480.97,True
3535,3i,479.03,True
3540,3i,476.03,True
3545,3i,473.11,True
3550,3i,471.09,True
3555,3i,470.15,True
3560,3i,474.08,True
3565,3i,474.05,True
3570,3i,474.05,True
3575,3i,474.05,True
3580,3i,474.05,True
3585,3i,474.05,True
3590,3i,474.05,True
3595,3i,474.05,True
3600,3i,478.06,True
0,4i,0.0,False
5,4i,0.0,False
10,4i,0.0,False
15,4i,0.0,False
20,4i,0.0,False
25,4i,1.0,False
30,4i,1.0,False
35,4i,0.0,False
40,4i,0.0,False
45,4i,0.0,False
50,4i,0.0,False
55,4i,0.0,False
60,4i,0.0,False
65,4i,0.0,False
70,4i,0.0,False
75,4i,1.0,False
80,4i,1.0,False
85,4i,1.0,False
90,4i,1.0,False
95,4i,1.0,False
100,4i,1.0,False
105,4i,1.0,False
110,4i,1.0,False
115,4i,1.0,False
120,4i,15.04,False
125,4i,0.0,False
130,4i,0.0,False
135,4i,1.0,False
140,4i,1.0,False
145,4i,1.0,False
150,4i,15.04,False
155,4i,15.04,False
160,4i,15.04,False
165,4i,15.04,False
170,4i,15.04,False
175,4i,15.04,False
180,4i,15.04,False
185,4i,15.04,False
190,4i,19.05,False
195,4i,19.04,False
200,4i,19.04,False
205,4i,19.04,False
210,4i,19.04,False
215,4i,18.58,False
220,4i,0.0,False
225,4i,5.01,False
230,4i,5.0,False
235,4i,9.0,False
240,4i,9.0,False
245,4i,9.0,False
250,4i,9.0,False
255,4i,9.0,False
260,4i,9.0,False
265,4i,9.0,False
270,4i,9.0,False
275,4i,13.0,False
280,4i,13.0,False
285,4i,13.0,False
290,4i,13.0,False
295,4i,13.0,False
300,4i,13.0,False
305,4i,13.0,False
310,4i,1.0,False
315,4i,1.0,False
320,4i,1.0,False
325,4i,5.0,False
330,4i,5.0,False
335,4i,5.0,False
340,4i,5.0,False
345,4i,5.0,False
350,4i,5.0,False
355,4i,17.71,False
360,4i,17.71,False
365,4i,17.71,False
370,4i,17.71,False
375,4i,17.71,False
380,4i,17.71,False
385,4i,17.71,False
390,4i,17.71,False
395,4i,0.0,False
400,4i,0.0,False
405,4i,1.0,False
410,4i,1.0,False
415,4i,1.0,False
420,4i,1.0,False
425,4i,1.08,False
430,4i,1.0,False
435,4i,15.08,False
440,4i,15.04,False
445,4i,15.04,False
450,4i,15.04,False
455,4i,15.04,False
460,4i,15.04,False
465,4i,15.04,False
470,4i,15.04,False
475,4i,19.06,False
480,4i,19.04,False
485,4i,18.45,False
490,4i,0.0,False
495,4i,1.0,False
500,4i,1.0,False
505,4i,1.0,False
510,4i,1.0,False
515,4i,1.0,False
520,4i,1.0,False
525,4i,1.0,False
530,4i,5.03,False
535,4i,5.0,False
540,4i,5.0,False
545,4i,5.0,False
550,4i,5.0,False
555,4i,5.0,False
560,4i,5.0,False
565,4i,5.0,False
570,4i,19.06,False
575,4i,18.6,False
580,4i,0.0,False
585,4i,1.0,False
590,4i,1.0,False
595,4i,1.0,False
600,4i,15.04,False
605,4i,15.04,False
610,4i,15.04,False
615,4i,15.04,False
620,4i,15.04,False
625,4i,15.04,False
630,4i,15.04,False
635,4i,15.04,False
640,4i,19.1,False
645,4i,19.04,False
650,4i,19.04,False
655,4i,19.04,False
660,4i,19.04,False
665,4i,18.67,False
670,4i,0.0,False
675,4i,5.0,False
680,4i,9.09,False
685,4i,9.0,False
690,4i,9.0,False
695,4i,9.0,False
700,4i,9.0,False
705,4i,9.0,False
710,4i,9.0,False
715,4i,9.0,False
720,4i,9.0,False
725,4i,13.0,False
730,4i,13.0,False
735,4i,13.0,False
740,4i,13.0,False
745,4i,13.0,False
750,4i,13.0,False
755,4i,13.0,False
760,4i,0.0,False
765,4i,4.24,False
770,4i,4.24,False
775,4i,4.24,False
780,4i,4.24,False
785,4i,4.24,False
790,4i,4.24,False
795,4i,4.24,False
800,4i,4.24,False
805,4i,8.0,False
810,4i,8.0,False
815,4i,11.24,False
820,4i,11.24,False
825,4i,11.24,False
830,4i,11.24,False
835,4i,11.24,False
840,4i,11.24,False
845,4i,23.98,False
850,4i,1.0,False
855,4i,1.0,False
860,4i,1.08,False
865,4i,1.0,False
870,4i,1.0,False
875,4i,1.0,False
880,4i,1.0,False
885,4i,1.0,False
890,4i,8.0,False
895,4i,8.0,False
900,4i,8.0,False
905,4i,5.0,False
910,4i,5.0,False
915,4i,5.0,False
920,4i,5.0,False
925,4i,5.0,False
930,4i,5.0,False
935,4i,1.0,False
940,4i,1.0,False
945,4i,1.0,False
950,4i,1.0,False
955,4i,1.0,False
960,4i,1.0,False
965,4i,1.0,False
970,4i,15.04,False
975,4i,15.04,False
980,4i,15.04,False
985,4i,15.04,False
990,4i,15.04,False
995,4i,15.04,False
1000,4i,15.04,False
1005,4i,15.04,False
1010,4i,15.04,False
1015,4i,15.04,False
1020,4i,19.05,False
1025,4i,18.55,False
1030,4i,0.0,False
1035,4i,4.61,False
1040,4i,4.59,False
1045,4i,4.59,False
1050,4i,18.63,False
1055,4i,18.63,False
1060,4i,18.63,False
1065,4i,18.63,False
1070,4i,18.63,False
1075,4i,18.63,False
1080,4i,18.63,False
1085,4i,18.63,False
1090,4i,18.63,False
1095,4i,18.63,False
1100,4i,22.69,False
1105,4i,22.63,False
1110,4i,22.63,False
1115,4i,22.63,False
1120,4i,0.0,False
1125,4i,1.0,False
1130,4i,5.0,False
1135,4i,5.0,False
1140,4i,5.0,False
1145,4i,19.04,False
1150,4i,19.04,False
1155,4i,19.04,False
1160,4i,19.04,False
1165,4i,19.04,False
1170,4i,33.29,False
1175,4i,33.08,False
1180,4i,33.08,False
1185,4i,33.08,False
1190,4i,33.08,False
1195,4i,33.08,False
1200,4i,33.08,False
1205,4i,33.08,False
1210,4i,0.0,False
1215,4i,15.07,False
1220,4i,19.04,False
1225,4i,19.04,False
1230,4i,19.04,False
1235,4i,19.04,False
1240,4i,19.04,False
1245,4i,19.04,False
1250,4i,19.04,False
1255,4i,19.04,False
1260,4i,19.04,False
1265,4i,23.04,False
1270,4i,23.04,False
1275,4i,23.04,False
1280,4i,23.04,False
1285,4i,23.04,False
1290,4i,23.04,False
1295,4i,35.76,False
1300,4i,0.0,False
1305,4i,22.01,False
1310,4i,21.72,False
1315,4i,21.71,False
1320,4i,21.71,False
1325,4i,21.71,False
1330,4i,21.71,False
1335,4i,21.71,False
1340,4i,28.72,False
1345,4i,28.72,False
1350,4i,28.72,False
1355,4i,28.72,False
1360,4i,28.72,False
1365,4i,28.72,False
1370,4i,28.72,False
1375,4i,35.72,False
1380,4i,35.72,False
1385,4i,35.72,False
1390,4i,0.0,False
1395,4i,1.0,False
1400,4i,15.0,False
1405,4i,15.0,False
1410,4i,15.0,False
1415,4i,15.0,False
1420,4i,19.0,False
1425,4i,19.0,False
1430,4i,19.0,False
1435,4i,19.0,False
1440,4i,19.0,False
1445,4i,19.0,False
1450,4i,19.0,False
1455,4i,19.0,False
1460,4i,23.01,False
1465,4i,23.01,False
1470,4i,27.01,False
1475,4i,34.01,False
1480,4i,1.0,False
1485,4i,5.01,False
1490,4i,20.12,False
1495,4i,24.01,False
1500,4i,28.02,False
1505,4i,35.08,False
1510,4i,35.01,False
1515,4i,41.44,False
1520,4i,44.43,False
1525,4i,48.43,False
1530,4i,55.43,False
1535,4i,55.43,False
1540,4i,57.01,False
1545,4i,57.01,False
1550,4i,61.01,False
1555,4i,65.03,False
1560,4i,65.01,False
1565,4i,69.02,False
1570,4i,69.02,False
1575,4i,73.02,False
1580,4i,72.32,False
1585,4i,46.61,False
1590,4i,58.4,False
1595,4i,77.79,False
1600,4i,81.73,False
1605,4i,85.73,False
1610,4i,85.73,False
1615,4i,89.73,False
1620,4i,96.74,False
1625,4i,96.73,False
1630,4i,103.73,False
1635,4i,107.74,False
1640,4i,107.73,False
1645,4i,114.74,False
1650,4i,121.78,False
1655,4i,121.73,False
1660,4i,125.76,False
1665,4i,125.73,False
1670,4i,132.74,False
1675,4i,132.74,False
1680,4i,132.55,False
1685,4i,134.53,False
1690,4i,109.98,False
1695,4i,139.37,False
1700,4i,149.96,False
1705,4i,149.78,False
1710,4i,153.78,True
1715,4i,153.78,True
1720,4i,153.78,True
1725,4i,172.01,True
1730,4i,171.82,True
1735,4i,178.82,True
1740,4i,178.82,True
1745,4i,185.82,True
1750,4i,198.53,True
1755,4i,205.54,True
1760,4i,205.53,True
1765,4i,205.53,True
1770,4i,212.55,True
1775,4i,226.58,True
1780,4i,239.29,True
1785,4i,242.81,True
1790,4i,205.37,True
1795,4i,167.95,True
1800,4i,209.16,True
1805,4i,242.87,True
1810,4i,246.15,True
1815,4i,246.0,True
1820,4i,250.0,True
1825,4i,257.0,True
1830,4i,257.0,True
1835,4i,257.0,True
1840,4i,261.0,True
1845,4i,273.71,True
1850,4i,273.71,True
1855,4i,277.71,True
1860,4i,290.43,True
1865,4i,297.45,True
1870,4i,297.43,True
1875,4i,304.43,True
1880,4i,308.44,True
1885,4i,308.31,True
1890,4i,311.23,True
1895,4i,308.42,True
1900,4i,291.58,True
1905,4i,298.0,True
1910,4i,301.58,True
1915,4i,329.59,True
1920,4i,329.51,True
1925,4i,333.51,True
1930,4i,340.53,True
1935,4i,340.51,True
1940,4i,344.51,True
1945,4i,348.51,True
1950,4i,348.51,True
1955,4i,352.63,True
1960,4i,352.51,True
1965,4i,365.23,True
1970,4i,369.24,True
1975,4i,369.23,True
1980,4i,376.26,True
1985,4i,388.93,True
1990,4i,388.3,True
1995,4i,390.63,True
2000,4i,368.01,True
2005,4i,387.94,True
2010,4i,385.16,True
2015,4i,388.73,True
2020,4i,402.68,True
2025,4i,402.65,True
2030,4i,415.36,True
2035,4i,429.4,True
2040,4i,443.45,True
2045,4i,443.44,True
2050,4i,457.48,True
2055,4i,470.19,True
2060,4i,474.19,True
2065,4i,474.19,True
2070,4i,474.19,True
2075,4i,474.19,True
2080,4i,474.19,True
2085,4i,474.11,True
2090,4i,473.44,True
2095,4i,470.11,True
2100,4i,479.93,True
2105,4i,476.07,True
2110,4i,451.66,True
2115,4i,476.3,True
2120,4i,475.7,True
2125,4i,475.54,True
2130,4i,475.53,True
2135,4i,475.53,True
2140,4i,475.53,True
2145,4i,475.53,True
2150,4i,475.53,True
2155,4i,475.53,True
2160,4i,475.53,True
2165,4i,475.53,True
2170,4i,475.53,True
2175,4i,475.5,True
2180,4i,475.25,True
2185,4i,473.81,True
2190,4i,459.88,True
2195,4i,471.67,True
2200,4i,468.46,True
2205,4i,481.71,True
2210,4i,481.58,True
2215,4i,481.57,True
2220,4i,481.57,True
2225,4i,481.57,True
2230,4i,481.57,True
2235,4i,481.57,True
2240,4i,481.57,True
2245,4i,481.56,True
2250,4i,481.56,True
2255,4i,481.56,True
2260,4i,481.56,True
2265,4i,481.52,True
2270,4i,480.72,True
2275,4i,478.53,True
2280,4i,479.81,True
2285,4i,480.56,True
2290,4i,475.62,True
2295,4i,472.42,True
2300,4i,471.58,True
2305,4i,471.57,True
2310,4i,471.56,True
2315,4i,471.56,True
2320,4i,471.56,True
2325,4i,471.56,True
2330,4i,471.56,True
2335,4i,437.52,True
2340,4i,433.52,True
2345,4i,455.82,True
2350,4i,479.49,True
2355,4i,482.69,True
2360,4i,479.38,True
2365,4i,462.42,True
2370,4i,416.2,True
2375,4i,438.04,True
2380,4i,461.48,True
2385,4i,478.07,True
2390,4i,477.99,True
2395,4i,477.98,True
2400,4i,477.98,True
2405,4i,477.98,True
2410,4i,477.98,True
2415,4i,477.98,True
2420,4i,477.98,True
2425,4i,477.98,True
2430,4i,477.98,True
2435,4i,477.98,True
2440,4i,477.98,True
2445,4i,477.96,True
2450,4i,477.68,True
2455,4i,477.05,True
2460,4i,475.73,True
2465,4i,474.47,True
2470,4i,473.84,True
2475,4i,473.68,True
2480,4i,473.65,True
2485,4i,473.64,True
2490,4i,473.64,True
2495,4i,473.64,True
2500,4i,473.64,True
2505,4i,473.64,True
2510,4i,473.64,True
2515,4i,473.64,True
2520,4i,473.64,True
2525,4i,473.64,True
2530,4i,473.64,True
2535,4i,473.43,True
2540,4i,479.78,True
2545,4i,477.46,True
2550,4i,475.2,True
2555,4i,479.64,True
2560,4i,477.35,True
2565,4i,475.59,True
2570,4i,475.05,True
2575,4i,474.96,True
2580,4i,474.94,True
2585,4i,474.94,True
2590,4i,474.94,True
2595,4i,474.94,True
2600,4i,474.94,True
2605,4i,474.94,True
2610,4i,474.94,True
2615,4i,474.94,True
2620,4i,474.94,True
2625,4i,474.65,True
2630,4i,473.23,True
2635,4i,478.68,True
2640,4i,476.02,True
2645,4i,474.79,True
2650,4i,474.06,True
2655,4i,473.95,True
2660,4i,473.94,True
2665,4i,473.94,True
2670,4i,473.94,True
2675,4i,473.94,True
2680,4i,386.47,True
2685,4i,424.76,True
2690,4i,440.77,True
2695,4i,468.64,True
2700,4i,433.44,True
2705,4i,460.87,True
2710,4i,470.35,True
2715,4i,479.75,True
2720,4i,476.45,True
2725,4i,477.93,True
2730,4i,454.4,True
2735,4i,479.34,True
2740,4i,478.75,True
2745,4i,478.7,True
2750,4i,478.69,True
2755,4i,478.69,True
2760,4i,478.69,True
2765,4i,478.69,True
2770,4i,478.69,True
2775,4i,478.69,True
2780,4i,478.69,True
2785,4i,478.69,True
2790,4i,478.69,True
2795,4i,478.69,True
2800,4i,478.69,True
2805,4i,478.69,True
2810,4i,478.69,True
2815,4i,478.62,True
2820,4i,478.1,True
2825,4i,477.64,True
2830,4i,477.41,True
2835,4i,477.35,True
2840,4i,477.34,True
2845,4i,477.34,True
2850,4i,477.34,True
2855,4i,477.34,True
2860,4i,477.34,True
2865,4i,477.34,True
2870,4i,477.34,True
2875,4i,477.34,True
2880,4i,477.34,True
2885,4i,477.34,True
2890,4i,477.25,True
2895,4i,476.63,True
2900,4i,475.06,True
2905,4i,473.42,True
2910,4i,472.6,True
2915,4i,472.42,True
2920,4i,472.37,True
2925,4i,472.36,True
2930,4i,472.36,True
2935,4i,472.36,True
2940,4i,472.36,True
2945,4i,472.36,True
2950,4i,472.36,True
2955,4i,472.36,True
2960,4i,472.36,True
2965,4i,472.36,True
2970,4i,472.36,True
2975,4i,472.34,True
2980,4i,471.83,True
2985,4i,469.41,True
2990,4i,460.15,True
2995,4i,469.84,True
3000,4i,466.63,True
3005,4i,479.65,True
3010,4i,479.42,True
3015,4i,479.4,True
3020,4i,479.4,True
3025,4i,479.4,True
3030,4i,479.4,True
3035,4i,479.4,True
3040,4i,479.4,True
3045,4i,479.4,True
3050,4i,479.4,True
3055,4i,479.4,True
3060,4i,479.4,True
3065,4i,479.39,True
3070,4i,479.26,True
3075,4i,478.25,True
3080,4i,476.94,True
3085,4i,475.86,True
3090,4i,475.48,True
3095,4i,475.4,True
3100,4i,475.4,True
3105,4i,475.4,True
3110,4i,475.4,True
3115,4i,475.4,True
3120,4i,475.4,True
3125,4i,475.4,True
3130,4i,475.4,True
3135,4i,475.4,True
3140,4i,461.36,True
3145,4i,448.58,True
3150,4i,465.75,True
3155,4i,463.4,True
3160,4i,460.47,True
3165,4i,471.16,True
3170,4i,481.68,True
3175,4i,432.32,True
3180,4i,472.89,True
3185,4i,482.42,True
3190,4i,481.51,True
3195,4i,481.44,True
3200,4i,481.44,True
3205,4i,481.44,True
3210,4i,481.44,True
3215,4i,481.44,True
3220,4i,481.44,True
3225,4i,481.44,True
3230,4i,481.44,True
3235,4i,481.44,True
3240,4i,481.44,True
3245,4i,481.43,True
3250,4i,481.22,True
3255,4i,479.83,True
3260,4i,477.89,True
3265,4i,476.16,True
3270,4i,475.53,True
3275,4i,475.44,True
3280,4i,475.44,True
3285,4i,475.44,True
3290,4i,475.44,True
3295,4i,475.44,True
3300,4i,475.44,True
3305,4i,475.44,True
3310,4i,475.44,True
3315,4i,475.44,True
3320,4i,464.5,True
3325,4i,446.48,True
3330,4i,471.58,True
3335,4i,471.35,True
3340,4i,470.79,True
3345,4i,468.62,True
3350,4i,480.15,True
3355,4i,481.21,True
3360,4i,454.58,True
3365,4i,480.64,True
3370,4i,479.57,True
3375,4i,479.44,True
3380,4i,479.44,True
3385,4i,479.44,True
3390,4i,479.44,True
3395,4i,479.44,True
3400,4i,479.44,True
3405,4i,479.44,True
3410,4i,479.44,True
3415,4i,479.44,True
3420,4i,479.44,True
3425,4i,479.36,True
3430,4i,478.65,True
3435,4i,476.68,True
3440,4i,472.17,True
3445,4i,473.69,True
3450,4i,471.13,True
3455,4i,470.77,True
3460,4i,470.73,True
3465,4i,470.73,True
3470,4i,470.73,True
3475,4i,470.73,True
3480,4i,470.73,True
3485,4i,470.73,True
3490,4i,470.73,True
3495,4i,470.73,True
3500,4i,470.73,True
3505,4i,470.73,True
3510,4i,470.73,True
3515,4i,470.68,True
3520,4i,470.05,True
3525,4i,467.89,True
3530,4i,465.67,True
3535,4i,469.35,True
3540,4i,466.06,True
3545,4i,479.85,True
3550,4i,479.77,True
3555,4i,479.77,True
3560,4i,479.77,True
3565,4i,479.77,True
3570,4i,479.77,True
3575,4i,479.77,True
3580,4i,479.77,True
3585,4i,479.77,True
3590,4i,479.77,True
3595,4i,479.77,True
3600,4i,479.76,True
