timestamp,phase,state
1.0,0,GGrrrrGGrrrr
2.0,0,GGrrrrGGrrrr
3.0,0,GGrrrrGGrrrr
4.0,0,GGrrrrGGrrrr
5.0,0,GGrrrrGGrrrr
6.0,0,GGrrrrGGrrrr
7.0,0,GGrrrrGGrrrr
8.0,0,GGrrrrGGrrrr
9.0,0,GGrrrrGGrrrr
10.0,0,GGrrrrGGrrrr
11.0,0,GGrrrrGGrrrr
12.0,0,GGrrrrGGrrrr
13.0,0,GGrrrrGGrrrr
14.0,0,GGrrrrGGrrrr
15.0,0,GGrrrrGGrrrr
16.0,0,GGrrrrGGrrrr
17.0,0,GGrrrrGGrrrr
18.0,0,GGrrrrGGrrrr
19.0,0,GGrrrrGGrrrr
20.0,0,GGrrrrGGrrrr
21.0,0,GGrrrrGGrrrr
22.0,0,GGrrrrGGrrrr
23.0,0,GGrrrrGGrrrr
24.0,0,GGrrrrGGrrrr
25.0,0,GGrrrrGGrrrr
26.0,1,yyrrrryyrrrr
27.0,1,yyrrrryyrrrr
28.0,1,yyrrrryyrrrr
29.0,1,yyrrrryyrrrr
30.0,1,yyrrrryyrrrr
31.0,1,yyrrrryyrrrr
32.0,1,yyrrrryyrrrr
33.0,2,rrGrrrrrGrrr
34.0,2,rrGrrrrrGrrr
35.0,2,rrGrrrrrGrrr
36.0,2,rrGrrrrrGrrr
37.0,2,rrGrrrrrGrrr
38.0,2,rrGrrrrrGrrr
39.0,3,rryrrrrryrrr
40.0,3,rryrrrrryrrr
41.0,3,rryrrrrryrrr
42.0,3,rryrrrrryrrr
43.0,3,rryrrrrryrrr
44.0,3,rryrrrrryrrr
45.0,3,rryrrrrryrrr
46.0,4,rrrGGrrrrGGr
47.0,4,rrrGGrrrrGGr
48.0,4,rrrGGrrrrGGr
49.0,4,rrrGGrrrrGGr
50.0,4,rrrGGrrrrGGr
51.0,4,rrrGGrrrrGGr
52.0,4,rrrGGrrrrGGr
53.0,4,rrrGGrrrrGGr
54.0,4,rrrGGrrrrGGr
55.0,4,rrrGGrrrrGGr
56.0,4,rrrGGrrrrGGr
57.0,4,rrrGGrrrrGGr
58.0,4,rrrGGrrrrGGr
59.0,4,rrrGGrrrrGGr
60.0,4,rrrGGrrrrGGr
61.0,4,rrrGGrrrrGGr
62.0,4,rrrGGrrrrGGr
63.0,4,rrrGGrrrrGGr
64.0,4,rrrGGrrrrGGr
65.0,4,rrrGGrrrrGGr
66.0,4,rrrGGrrrrGGr
67.0,4,rrrGGrrrrGGr
68.0,4,rrrGGrrrrGGr
69.0,4,rrrGGrrrrGGr
70.0,4,rrrGGrrrrGGr
71.0,5,rrryyrrrryyr
72.0,5,rrryyrrrryyr
73.0,5,rrryyrrrryyr
74.0,5,rrryyrrrryyr
75.0,5,rrryyrrrryyr
76.0,5,rrryyrrrryyr
77.0,5,rrryyrrrryyr
78.0,6,rrrrrGrrrrrG
79.0,6,rrrrrGrrrrrG
80.0,6,rrrrrGrrrrrG
81.0,6,rrrrrGrrrrrG
82.0,6,rrrrrGrrrrrG
83.0,6,rrrrrGrrrrrG
84.0,7,rrrrryrrrrry
85.0,7,rrrrryrrrrry
86.0,7,rrrrryrrrrry
87.0,7,rrrrryrrrrry
88.0,7,rrrrryrrrrry
89.0,7,rrrrryrrrrry
90.0,7,rrrrryrrrrry
91.0,0,GGrrrrGGrrrr
92.0,0,GGrrrrGGrrrr
93.0,0,GGrrrrGGrrrr
94.0,0,GGrrrrGGrrrr
95.0,0,GGrrrrGGrrrr
96.0,0,GGrrrrGGrrrr
97.0,0,GGrrrrGGrrrr
98.0,0,GGrrrrGGrrrr
99.0,0,GGrrrrGGrrrr
100.0,0,GGrrrrGGrrrr
101.0,0,GGrrrrGGrrrr
102.0,0,GGrrrrGGrrrr
103.0,0,GGrrrrGGrrrr
104.0,0,GGrrrrGGrrrr
105.0,0,GGrrrrGGrrrr
106.0,0,GGrrrrGGrrrr
107.0,0,GGrrrrGGrrrr
108.0,0,GGrrrrGGrrrr
109.0,0,GGrrrrGGrrrr
110.0,0,GGrrrrGGrrrr
111.0,0,GGrrrrGGrrrr
112.0,0,GGrrrrGGrrrr
113.0,0,GGrrrrGGrrrr
114.0,0,GGrrrrGGrrrr
115.0,0,GGrrrrGGrrrr
116.0,1,yyrrrryyrrrr
117.0,1,yyrrrryyrrrr
118.0,1,yyrrrryyrrrr
119.0,1,yyrrrryyrrrr
120.0,1,yyrrrryyrrrr
121.0,1,yyrrrryyrrrr
122.0,1,yyrrrryyrrrr
123.0,2,rrGrrrrrGrrr
124.0,2,rrGrrrrrGrrr
125.0,2,rrGrrrrrGrrr
126.0,2,rrGrrrrrGrrr
127.0,2,rrGrrrrrGrrr
128.0,2,rrGrrrrrGrrr
129.0,3,rryrrrrryrrr
130.0,3,rryrrrrryrrr
131.0,3,rryrrrrryrrr
132.0,3,rryrrrrryrrr
133.0,3,rryrrrrryrrr
134.0,3,rryrrrrryrrr
135.0,3,rryrrrrryrrr
136.0,4,rrrGGrrrrGGr
137.0,4,rrrGGrrrrGGr
138.0,4,rrrGGrrrrGGr
139.0,4,rrrGGrrrrGGr
140.0,4,rrrGGrrrrGGr
141.0,4,rrrGGrrrrGGr
142.0,4,rrrGGrrrrGGr
143.0,4,rrrGGrrrrGGr
144.0,4,rrrGGrrrrGGr
145.0,4,rrrGGrrrrGGr
146.0,4,rrrGGrrrrGGr
147.0,4,rrrGGrrrrGGr
148.0,4,rrrGGrrrrGGr
149.0,4,rrrGGrrrrGGr
150.0,4,rrrGGrrrrGGr
151.0,4,rrrGGrrrrGGr
152.0,4,rrrGGrrrrGGr
153.0,4,rrrGGrrrrGGr
154.0,4,rrrGGrrrrGGr
155.0,4,rrrGGrrrrGGr
156.0,4,rrrGGrrrrGGr
157.0,4,rrrGGrrrrGGr
158.0,4,rrrGGrrrrGGr
159.0,4,rrrGGrrrrGGr
160.0,4,rrrGGrrrrGGr
161.0,5,rrryyrrrryyr
162.0,5,rrryyrrrryyr
163.0,5,rrryyrrrryyr
164.0,5,rrryyrrrryyr
165.0,5,rrryyrrrryyr
166.0,5,rrryyrrrryyr
167.0,5,rrryyrrrryyr
168.0,6,rrrrrGrrrrrG
169.0,6,rrrrrGrrrrrG
170.0,6,rrrrrGrrrrrG
171.0,6,rrrrrGrrrrrG
172.0,6,rrrrrGrrrrrG
173.0,6,rrrrrGrrrrrG
174.0,7,rrrrryrrrrry
175.0,7,rrrrryrrrrry
176.0,7,rrrrryrrrrry
177.0,7,rrrrryrrrrry
178.0,7,rrrrryrrrrry
179.0,7,rrrrryrrrrry
180.0,7,rrrrryrrrrry
181.0,0,GGrrrrGGrrrr
182.0,0,GGrrrrGGrrrr
183.0,0,GGrrrrGGrrrr
184.0,0,GGrrrrGGrrrr
185.0,0,GGrrrrGGrrrr
186.0,0,GGrrrrGGrrrr
187.0,0,GGrrrrGGrrrr
188.0,0,GGrrrrGGrrrr
189.0,0,GGrrrrGGrrrr
190.0,0,GGrrrrGGrrrr
191.0,0,GGrrrrGGrrrr
192.0,0,GGrrrrGGrrrr
193.0,0,GGrrrrGGrrrr
194.0,0,GGrrrrGGrrrr
195.0,0,GGrrrrGGrrrr
196.0,0,GGrrrrGGrrrr
197.0,0,GGrrrrGGrrrr
198.0,0,GGrrrrGGrrrr
199.0,0,GGrrrrGGrrrr
200.0,0,GGrrrrGGrrrr
201.0,0,GGrrrrGGrrrr
202.0,0,GGrrrrGGrrrr
203.0,0,GGrrrrGGrrrr
204.0,0,GGrrrrGGrrrr
205.0,0,GGrrrrGGrrrr
206.0,1,yyrrrryyrrrr
207.0,1,yyrrrryyrrrr
208.0,1,yyrrrryyrrrr
209.0,1,yyrrrryyrrrr
210.0,1,yyrrrryyrrrr
211.0,1,yyrrrryyrrrr
212.0,1,yyrrrryyrrrr
213.0,2,rrGrrrrrGrrr
214.0,2,rrGrrrrrGrrr
215.0,2,rrGrrrrrGrrr
216.0,2,rrGrrrrrGrrr
217.0,2,rrGrrrrrGrrr
218.0,2,rrGrrrrrGrrr
219.0,3,rryrrrrryrrr
220.0,3,rryrrrrryrrr
221.0,3,rryrrrrryrrr
222.0,3,rryrrrrryrrr
223.0,3,rryrrrrryrrr
224.0,3,rryrrrrryrrr
225.0,3,rryrrrrryrrr
226.0,4,rrrGGrrrrGGr
227.0,4,rrrGGrrrrGGr
228.0,4,rrrGGrrrrGGr
229.0,4,rrrGGrrrrGGr
230.0,4,rrrGGrrrrGGr
231.0,4,rrrGGrrrrGGr
232.0,4,rrrGGrrrrGGr
233.0,4,rrrGGrrrrGGr
234.0,4,rrrGGrrrrGGr
235.0,4,rrrGGrrrrGGr
236.0,4,rrrGGrrrrGGr
237.0,4,rrrGGrrrrGGr
238.0,4,rrrGGrrrrGGr
239.0,4,rrrGGrrrrGGr
240.0,4,rrrGGrrrrGGr
241.0,4,rrrGGrrrrGGr
242.0,4,rrrGGrrrrGGr
243.0,4,rrrGGrrrrGGr
244.0,4,rrrGGrrrrGGr
245.0,4,rrrGGrrrrGGr
246.0,4,rrrGGrrrrGGr
247.0,4,rrrGGrrrrGGr
248.0,4,rrrGGrrrrGGr
249.0,4,rrrGGrrrrGGr
250.0,4,rrrGGrrrrGGr
251.0,5,rrryyrrrryyr
252.0,5,rrryyrrrryyr
253.0,5,rrryyrrrryyr
254.0,5,rrryyrrrryyr
255.0,5,rrryyrrrryyr
256.0,5,rrryyrrrryyr
257.0,5,rrryyrrrryyr
258.0,6,rrrrrGrrrrrG
259.0,6,rrrrrGrrrrrG
260.0,6,rrrrrGrrrrrG
261.0,6,rrrrrGrrrrrG
262.0,6,rrrrrGrrrrrG
263.0,6,rrrrrGrrrrrG
264.0,7,rrrrryrrrrry
265.0,7,rrrrryrrrrry
266.0,7,rrrrryrrrrry
267.0,7,rrrrryrrrrry
268.0,7,rrrrryrrrrry
269.0,7,rrrrryrrrrry
270.0,7,rrrrryrrrrry
271.0,0,GGrrrrGGrrrr
272.0,0,GGrrrrGGrrrr
273.0,0,GGrrrrGGrrrr
274.0,0,GGrrrrGGrrrr
275.0,0,GGrrrrGGrrrr
276.0,0,GGrrrrGGrrrr
277.0,0,GGrrrrGGrrrr
278.0,0,GGrrrrGGrrrr
279.0,0,GGrrrrGGrrrr
280.0,0,GGrrrrGGrrrr
281.0,0,GGrrrrGGrrrr
282.0,0,GGrrrrGGrrrr
283.0,0,GGrrrrGGrrrr
284.0,0,GGrrrrGGrrrr
285.0,0,GGrrrrGGrrrr
286.0,0,GGrrrrGGrrrr
287.0,0,GGrrrrGGrrrr
288.0,0,GGrrrrGGrrrr
289.0,0,GGrrrrGGrrrr
290.0,0,GGrrrrGGrrrr
291.0,0,GGrrrrGGrrrr
292.0,0,GGrrrrGGrrrr
293.0,0,GGrrrrGGrrrr
294.0,0,GGrrrrGGrrrr
295.0,0,GGrrrrGGrrrr
296.0,1,yyrrrryyrrrr
297.0,1,yyrrrryyrrrr
298.0,1,yyrrrryyrrrr
299.0,1,yyrrrryyrrrr
300.0,1,yyrrrryyrrrr
301.0,1,yyrrrryyrrrr
302.0,1,yyrrrryyrrrr
303.0,2,rrGrrrrrGrrr
304.0,2,rrGrrrrrGrrr
305.0,2,rrGrrrrrGrrr
306.0,2,rrGrrrrrGrrr
307.0,2,rrGrrrrrGrrr
308.0,2,rrGrrrrrGrrr
309.0,3,rryrrrrryrrr
310.0,3,rryrrrrryrrr
311.0,3,rryrrrrryrrr
312.0,3,rryrrrrryrrr
313.0,3,rryrrrrryrrr
314.0,3,rryrrrrryrrr
315.0,3,rryrrrrryrrr
316.0,4,rrrGGrrrrGGr
317.0,4,rrrGGrrrrGGr
318.0,4,rrrGGrrrrGGr
319.0,4,rrrGGrrrrGGr
320.0,4,rrrGGrrrrGGr
321.0,4,rrrGGrrrrGGr
322.0,4,rrrGGrrrrGGr
323.0,4,rrrGGrrrrGGr
324.0,4,rrrGGrrrrGGr
325.0,4,rrrGGrrrrGGr
326.0,4,rrrGGrrrrGGr
327.0,4,rrrGGrrrrGGr
328.0,4,rrrGGrrrrGGr
329.0,4,rrrGGrrrrGGr
330.0,4,rrrGGrrrrGGr
331.0,4,rrrGGrrrrGGr
332.0,4,rrrGGrrrrGGr
333.0,4,rrrGGrrrrGGr
334.0,4,rrrGGrrrrGGr
335.0,4,rrrGGrrrrGGr
336.0,4,rrrGGrrrrGGr
337.0,4,rrrGGrrrrGGr
338.0,4,rrrGGrrrrGGr
339.0,4,rrrGGrrrrGGr
340.0,4,rrrGGrrrrGGr
341.0,5,rrryyrrrryyr
342.0,5,rrryyrrrryyr
343.0,5,rrryyrrrryyr
344.0,5,rrryyrrrryyr
345.0,5,rrryyrrrryyr
346.0,5,rrryyrrrryyr
347.0,5,rrryyrrrryyr
348.0,6,rrrrrGrrrrrG
349.0,6,rrrrrGrrrrrG
350.0,6,rrrrrGrrrrrG
351.0,6,rrrrrGrrrrrG
352.0,6,rrrrrGrrrrrG
353.0,6,rrrrrGrrrrrG
354.0,7,rrrrryrrrrry
355.0,7,rrrrryrrrrry
356.0,7,rrrrryrrrrry
357.0,7,rrrrryrrrrry
358.0,7,rrrrryrrrrry
359.0,7,rrrrryrrrrry
360.0,7,rrrrryrrrrry
361.0,0,GGrrrrGGrrrr
362.0,0,GGrrrrGGrrrr
363.0,0,GGrrrrGGrrrr
364.0,0,GGrrrrGGrrrr
365.0,0,GGrrrrGGrrrr
366.0,0,GGrrrrGGrrrr
367.0,0,GGrrrrGGrrrr
368.0,0,GGrrrrGGrrrr
369.0,0,GGrrrrGGrrrr
370.0,0,GGrrrrGGrrrr
371.0,0,GGrrrrGGrrrr
372.0,0,GGrrrrGGrrrr
373.0,0,GGrrrrGGrrrr
374.0,0,GGrrrrGGrrrr
375.0,0,GGrrrrGGrrrr
376.0,0,GGrrrrGGrrrr
377.0,0,GGrrrrGGrrrr
378.0,0,GGrrrrGGrrrr
379.0,0,GGrrrrGGrrrr
380.0,0,GGrrrrGGrrrr
381.0,0,GGrrrrGGrrrr
382.0,0,GGrrrrGGrrrr
383.0,0,GGrrrrGGrrrr
384.0,0,GGrrrrGGrrrr
385.0,0,GGrrrrGGrrrr
386.0,1,yyrrrryyrrrr
387.0,1,yyrrrryyrrrr
388.0,1,yyrrrryyrrrr
389.0,1,yyrrrryyrrrr
390.0,1,yyrrrryyrrrr
391.0,1,yyrrrryyrrrr
392.0,1,yyrrrryyrrrr
393.0,2,rrGrrrrrGrrr
394.0,2,rrGrrrrrGrrr
395.0,2,rrGrrrrrGrrr
396.0,2,rrGrrrrrGrrr
397.0,2,rrGrrrrrGrrr
398.0,2,rrGrrrrrGrrr
399.0,3,rryrrrrryrrr
400.0,3,rryrrrrryrrr
401.0,3,rryrrrrryrrr
402.0,3,rryrrrrryrrr
403.0,3,rryrrrrryrrr
404.0,3,rryrrrrryrrr
405.0,3,rryrrrrryrrr
406.0,4,rrrGGrrrrGGr
407.0,4,rrrGGrrrrGGr
408.0,4,rrrGGrrrrGGr
409.0,4,rrrGGrrrrGGr
410.0,4,rrrGGrrrrGGr
411.0,4,rrrGGrrrrGGr
412.0,4,rrrGGrrrrGGr
413.0,4,rrrGGrrrrGGr
414.0,4,rrrGGrrrrGGr
415.0,4,rrrGGrrrrGGr
416.0,4,rrrGGrrrrGGr
417.0,4,rrrGGrrrrGGr
418.0,4,rrrGGrrrrGGr
419.0,4,rrrGGrrrrGGr
420.0,4,rrrGGrrrrGGr
421.0,4,rrrGGrrrrGGr
422.0,4,rrrGGrrrrGGr
423.0,4,rrrGGrrrrGGr
424.0,4,rrrGGrrrrGGr
425.0,4,rrrGGrrrrGGr
426.0,4,rrrGGrrrrGGr
427.0,4,rrrGGrrrrGGr
428.0,4,rrrGGrrrrGGr
429.0,4,rrrGGrrrrGGr
430.0,4,rrrGGrrrrGGr
431.0,5,rrryyrrrryyr
432.0,5,rrryyrrrryyr
433.0,5,rrryyrrrryyr
434.0,5,rrryyrrrryyr
435.0,5,rrryyrrrryyr
436.0,5,rrryyrrrryyr
437.0,5,rrryyrrrryyr
438.0,6,rrrrrGrrrrrG
439.0,6,rrrrrGrrrrrG
440.0,6,rrrrrGrrrrrG
441.0,6,rrrrrGrrrrrG
442.0,6,rrrrrGrrrrrG
443.0,6,rrrrrGrrrrrG
444.0,7,rrrrryrrrrry
445.0,7,rrrrryrrrrry
446.0,7,rrrrryrrrrry
447.0,7,rrrrryrrrrry
448.0,7,rrrrryrrrrry
449.0,7,rrrrryrrrrry
450.0,7,rrrrryrrrrry
451.0,0,GGrrrrGGrrrr
452.0,0,GGrrrrGGrrrr
453.0,0,GGrrrrGGrrrr
454.0,0,GGrrrrGGrrrr
455.0,0,GGrrrrGGrrrr
456.0,0,GGrrrrGGrrrr
457.0,0,GGrrrrGGrrrr
458.0,0,GGrrrrGGrrrr
459.0,0,GGrrrrGGrrrr
460.0,0,GGrrrrGGrrrr
461.0,0,GGrrrrGGrrrr
462.0,0,GGrrrrGGrrrr
463.0,0,GGrrrrGGrrrr
464.0,0,GGrrrrGGrrrr
465.0,0,GGrrrrGGrrrr
466.0,0,GGrrrrGGrrrr
467.0,0,GGrrrrGGrrrr
468.0,0,GGrrrrGGrrrr
469.0,0,GGrrrrGGrrrr
470.0,0,GGrrrrGGrrrr
471.0,0,GGrrrrGGrrrr
472.0,0,GGrrrrGGrrrr
473.0,0,GGrrrrGGrrrr
474.0,0,GGrrrrGGrrrr
475.0,0,GGrrrrGGrrrr
476.0,1,yyrrrryyrrrr
477.0,1,yyrrrryyrrrr
478.0,1,yyrrrryyrrrr
479.0,1,yyrrrryyrrrr
480.0,1,yyrrrryyrrrr
481.0,1,yyrrrryyrrrr
482.0,1,yyrrrryyrrrr
483.0,2,rrGrrrrrGrrr
484.0,2,rrGrrrrrGrrr
485.0,2,rrGrrrrrGrrr
486.0,2,rrGrrrrrGrrr
487.0,2,rrGrrrrrGrrr
488.0,2,rrGrrrrrGrrr
489.0,3,rryrrrrryrrr
490.0,3,rryrrrrryrrr
491.0,3,rryrrrrryrrr
492.0,3,rryrrrrryrrr
493.0,3,rryrrrrryrrr
494.0,3,rryrrrrryrrr
495.0,3,rryrrrrryrrr
496.0,4,rrrGGrrrrGGr
497.0,4,rrrGGrrrrGGr
498.0,4,rrrGGrrrrGGr
499.0,4,rrrGGrrrrGGr
500.0,4,rrrGGrrrrGGr
501.0,4,rrrGGrrrrGGr
502.0,4,rrrGGrrrrGGr
503.0,4,rrrGGrrrrGGr
504.0,4,rrrGGrrrrGGr
505.0,4,rrrGGrrrrGGr
506.0,4,rrrGGrrrrGGr
507.0,4,rrrGGrrrrGGr
508.0,4,rrrGGrrrrGGr
509.0,4,rrrGGrrrrGGr
510.0,4,rrrGGrrrrGGr
511.0,4,rrrGGrrrrGGr
512.0,4,rrrGGrrrrGGr
513.0,4,rrrGGrrrrGGr
514.0,4,rrrGGrrrrGGr
515.0,4,rrrGGrrrrGGr
516.0,4,rrrGGrrrrGGr
517.0,4,rrrGGrrrrGGr
518.0,4,rrrGGrrrrGGr
519.0,4,rrrGGrrrrGGr
520.0,4,rrrGGrrrrGGr
521.0,5,rrryyrrrryyr
522.0,5,rrryyrrrryyr
523.0,5,rrryyrrrryyr
524.0,5,rrryyrrrryyr
525.0,5,rrryyrrrryyr
526.0,5,rrryyrrrryyr
527.0,5,rrryyrrrryyr
528.0,6,rrrrrGrrrrrG
529.0,6,rrrrrGrrrrrG
530.0,6,rrrrrGrrrrrG
531.0,6,rrrrrGrrrrrG
532.0,6,rrrrrGrrrrrG
533.0,6,rrrrrGrrrrrG
534.0,7,rrrrryrrrrry
535.0,7,rrrrryrrrrry
536.0,7,rrrrryrrrrry
537.0,7,rrrrryrrrrry
538.0,7,rrrrryrrrrry
539.0,7,rrrrryrrrrry
540.0,7,rrrrryrrrrry
541.0,0,GGrrrrGGrrrr
542.0,0,GGrrrrGGrrrr
543.0,0,GGrrrrGGrrrr
544.0,0,GGrrrrGGrrrr
545.0,0,GGrrrrGGrrrr
546.0,0,GGrrrrGGrrrr
547.0,0,GGrrrrGGrrrr
548.0,0,GGrrrrGGrrrr
549.0,0,GGrrrrGGrrrr
550.0,0,GGrrrrGGrrrr
551.0,0,GGrrrrGGrrrr
552.0,0,GGrrrrGGrrrr
553.0,0,GGrrrrGGrrrr
554.0,0,GGrrrrGGrrrr
555.0,0,GGrrrrGGrrrr
556.0,0,GGrrrrGGrrrr
557.0,0,GGrrrrGGrrrr
558.0,0,GGrrrrGGrrrr
559.0,0,GGrrrrGGrrrr
560.0,0,GGrrrrGGrrrr
561.0,0,GGrrrrGGrrrr
562.0,0,GGrrrrGGrrrr
563.0,0,GGrrrrGGrrrr
564.0,0,GGrrrrGGrrrr
565.0,0,GGrrrrGGrrrr
566.0,1,yyrrrryyrrrr
567.0,1,yyrrrryyrrrr
568.0,1,yyrrrryyrrrr
569.0,1,yyrrrryyrrrr
570.0,1,yyrrrryyrrrr
571.0,1,yyrrrryyrrrr
572.0,1,yyrrrryyrrrr
573.0,2,rrGrrrrrGrrr
574.0,2,rrGrrrrrGrrr
575.0,2,rrGrrrrrGrrr
576.0,2,rrGrrrrrGrrr
577.0,2,rrGrrrrrGrrr
578.0,2,rrGrrrrrGrrr
579.0,3,rryrrrrryrrr
580.0,3,rryrrrrryrrr
581.0,3,rryrrrrryrrr
582.0,3,rryrrrrryrrr
583.0,3,rryrrrrryrrr
584.0,3,rryrrrrryrrr
585.0,3,rryrrrrryrrr
586.0,4,rrrGGrrrrGGr
587.0,4,rrrGGrrrrGGr
588.0,4,rrrGGrrrrGGr
589.0,4,rrrGGrrrrGGr
590.0,4,rrrGGrrrrGGr
591.0,4,rrrGGrrrrGGr
592.0,4,rrrGGrrrrGGr
593.0,4,rrrGGrrrrGGr
594.0,4,rrrGGrrrrGGr
595.0,4,rrrGGrrrrGGr
596.0,4,rrrGGrrrrGGr
597.0,4,rrrGGrrrrGGr
598.0,4,rrrGGrrrrGGr
599.0,4,rrrGGrrrrGGr
600.0,4,rrrGGrrrrGGr
601.0,4,rrrGGrrrrGGr
602.0,4,rrrGGrrrrGGr
603.0,4,rrrGGrrrrGGr
604.0,4,rrrGGrrrrGGr
605.0,4,rrrGGrrrrGGr
606.0,4,rrrGGrrrrGGr
607.0,4,rrrGGrrrrGGr
608.0,4,rrrGGrrrrGGr
609.0,4,rrrGGrrrrGGr
610.0,4,rrrGGrrrrGGr
611.0,5,rrryyrrrryyr
612.0,5,rrryyrrrryyr
613.0,5,rrryyrrrryyr
614.0,5,rrryyrrrryyr
615.0,5,rrryyrrrryyr
616.0,5,rrryyrrrryyr
617.0,5,rrryyrrrryyr
618.0,6,rrrrrGrrrrrG
619.0,6,rrrrrGrrrrrG
620.0,6,rrrrrGrrrrrG
621.0,6,rrrrrGrrrrrG
622.0,6,rrrrrGrrrrrG
623.0,6,rrrrrGrrrrrG
624.0,7,rrrrryrrrrry
625.0,7,rrrrryrrrrry
626.0,7,rrrrryrrrrry
627.0,7,rrrrryrrrrry
628.0,7,rrrrryrrrrry
629.0,7,rrrrryrrrrry
630.0,7,rrrrryrrrrry
631.0,0,GGrrrrGGrrrr
632.0,0,GGrrrrGGrrrr
633.0,0,GGrrrrGGrrrr
634.0,0,GGrrrrGGrrrr
635.0,0,GGrrrrGGrrrr
636.0,0,GGrrrrGGrrrr
637.0,0,GGrrrrGGrrrr
638.0,0,GGrrrrGGrrrr
639.0,0,GGrrrrGGrrrr
640.0,0,GGrrrrGGrrrr
641.0,0,GGrrrrGGrrrr
642.0,0,GGrrrrGGrrrr
643.0,0,GGrrrrGGrrrr
644.0,0,GGrrrrGGrrrr
645.0,0,GGrrrrGGrrrr
646.0,0,GGrrrrGGrrrr
647.0,0,GGrrrrGGrrrr
648.0,0,GGrrrrGGrrrr
649.0,0,GGrrrrGGrrrr
650.0,0,GGrrrrGGrrrr
651.0,0,GGrrrrGGrrrr
652.0,0,GGrrrrGGrrrr
653.0,0,GGrrrrGGrrrr
654.0,0,GGrrrrGGrrrr
655.0,0,GGrrrrGGrrrr
656.0,1,yyrrrryyrrrr
657.0,1,yyrrrryyrrrr
658.0,1,yyrrrryyrrrr
659.0,1,yyrrrryyrrrr
660.0,1,yyrrrryyrrrr
661.0,1,yyrrrryyrrrr
662.0,1,yyrrrryyrrrr
663.0,2,rrGrrrrrGrrr
664.0,2,rrGrrrrrGrrr
665.0,2,rrGrrrrrGrrr
666.0,2,rrGrrrrrGrrr
667.0,2,rrGrrrrrGrrr
668.0,2,rrGrrrrrGrrr
669.0,3,rryrrrrryrrr
670.0,3,rryrrrrryrrr
671.0,3,rryrrrrryrrr
672.0,3,rryrrrrryrrr
673.0,3,rryrrrrryrrr
674.0,3,rryrrrrryrrr
675.0,3,rryrrrrryrrr
676.0,4,rrrGGrrrrGGr
677.0,4,rrrGGrrrrGGr
678.0,4,rrrGGrrrrGGr
679.0,4,rrrGGrrrrGGr
680.0,4,rrrGGrrrrGGr
681.0,4,rrrGGrrrrGGr
682.0,4,rrrGGrrrrGGr
683.0,4,rrrGGrrrrGGr
684.0,4,rrrGGrrrrGGr
685.0,4,rrrGGrrrrGGr
686.0,4,rrrGGrrrrGGr
687.0,4,rrrGGrrrrGGr
688.0,4,rrrGGrrrrGGr
689.0,4,rrrGGrrrrGGr
690.0,4,rrrGGrrrrGGr
691.0,4,rrrGGrrrrGGr
692.0,4,rrrGGrrrrGGr
693.0,4,rrrGGrrrrGGr
694.0,4,rrrGGrrrrGGr
695.0,4,rrrGGrrrrGGr
696.0,4,rrrGGrrrrGGr
697.0,4,rrrGGrrrrGGr
698.0,4,rrrGGrrrrGGr
699.0,4,rrrGGrrrrGGr
700.0,4,rrrGGrrrrGGr
701.0,5,rrryyrrrryyr
702.0,5,rrryyrrrryyr
703.0,5,rrryyrrrryyr
704.0,5,rrryyrrrryyr
705.0,5,rrryyrrrryyr
706.0,5,rrryyrrrryyr
707.0,5,rrryyrrrryyr
708.0,6,rrrrrGrrrrrG
709.0,6,rrrrrGrrrrrG
710.0,6,rrrrrGrrrrrG
711.0,6,rrrrrGrrrrrG
712.0,6,rrrrrGrrrrrG
713.0,6,rrrrrGrrrrrG
714.0,7,rrrrryrrrrry
715.0,7,rrrrryrrrrry
716.0,7,rrrrryrrrrry
717.0,7,rrrrryrrrrry
718.0,7,rrrrryrrrrry
719.0,7,rrrrryrrrrry
720.0,7,rrrrryrrrrry
721.0,0,GGrrrrGGrrrr
722.0,0,GGrrrrGGrrrr
723.0,0,GGrrrrGGrrrr
724.0,0,GGrrrrGGrrrr
725.0,0,GGrrrrGGrrrr
726.0,0,GGrrrrGGrrrr
727.0,0,GGrrrrGGrrrr
728.0,0,GGrrrrGGrrrr
729.0,0,GGrrrrGGrrrr
730.0,0,GGrrrrGGrrrr
731.0,0,GGrrrrGGrrrr
732.0,0,GGrrrrGGrrrr
733.0,0,GGrrrrGGrrrr
734.0,0,GGrrrrGGrrrr
735.0,0,GGrrrrGGrrrr
736.0,0,GGrrrrGGrrrr
737.0,0,GGrrrrGGrrrr
738.0,0,GGrrrrGGrrrr
739.0,0,GGrrrrGGrrrr
740.0,0,GGrrrrGGrrrr
741.0,0,GGrrrrGGrrrr
742.0,0,GGrrrrGGrrrr
743.0,0,GGrrrrGGrrrr
744.0,0,GGrrrrGGrrrr
745.0,0,GGrrrrGGrrrr
746.0,1,yyrrrryyrrrr
747.0,1,yyrrrryyrrrr
748.0,1,yyrrrryyrrrr
749.0,1,yyrrrryyrrrr
750.0,1,yyrrrryyrrrr
751.0,1,yyrrrryyrrrr
752.0,1,yyrrrryyrrrr
753.0,2,rrGrrrrrGrrr
754.0,2,rrGrrrrrGrrr
755.0,2,rrGrrrrrGrrr
756.0,2,rrGrrrrrGrrr
757.0,2,rrGrrrrrGrrr
758.0,2,rrGrrrrrGrrr
759.0,3,rryrrrrryrrr
760.0,3,rryrrrrryrrr
761.0,3,rryrrrrryrrr
762.0,3,rryrrrrryrrr
763.0,3,rryrrrrryrrr
764.0,3,rryrrrrryrrr
765.0,3,rryrrrrryrrr
766.0,4,rrrGGrrrrGGr
767.0,4,rrrGGrrrrGGr
768.0,4,rrrGGrrrrGGr
769.0,4,rrrGGrrrrGGr
770.0,4,rrrGGrrrrGGr
771.0,4,rrrGGrrrrGGr
772.0,4,rrrGGrrrrGGr
773.0,4,rrrGGrrrrGGr
774.0,4,rrrGGrrrrGGr
775.0,4,rrrGGrrrrGGr
776.0,4,rrrGGrrrrGGr
777.0,4,rrrGGrrrrGGr
778.0,4,rrrGGrrrrGGr
779.0,4,rrrGGrrrrGGr
780.0,4,rrrGGrrrrGGr
781.0,4,rrrGGrrrrGGr
782.0,4,rrrGGrrrrGGr
783.0,4,rrrGGrrrrGGr
784.0,4,rrrGGrrrrGGr
785.0,4,rrrGGrrrrGGr
786.0,4,rrrGGrrrrGGr
787.0,4,rrrGGrrrrGGr
788.0,4,rrrGGrrrrGGr
789.0,4,rrrGGrrrrGGr
790.0,4,rrrGGrrrrGGr
791.0,5,rrryyrrrryyr
792.0,5,rrryyrrrryyr
793.0,5,rrryyrrrryyr
794.0,5,rrryyrrrryyr
795.0,5,rrryyrrrryyr
796.0,5,rrryyrrrryyr
797.0,5,rrryyrrrryyr
798.0,6,rrrrrGrrrrrG
799.0,6,rrrrrGrrrrrG
800.0,6,rrrrrGrrrrrG
801.0,6,rrrrrGrrrrrG
802.0,6,rrrrrGrrrrrG
803.0,6,rrrrrGrrrrrG
804.0,7,rrrrryrrrrry
805.0,7,rrrrryrrrrry
806.0,7,rrrrryrrrrry
807.0,7,rrrrryrrrrry
808.0,7,rrrrryrrrrry
809.0,7,rrrrryrrrrry
810.0,7,rrrrryrrrrry
811.0,0,GGrrrrGGrrrr
812.0,0,GGrrrrGGrrrr
813.0,0,GGrrrrGGrrrr
814.0,0,GGrrrrGGrrrr
815.0,0,GGrrrrGGrrrr
816.0,0,GGrrrrGGrrrr
817.0,0,GGrrrrGGrrrr
818.0,0,GGrrrrGGrrrr
819.0,0,GGrrrrGGrrrr
820.0,0,GGrrrrGGrrrr
821.0,0,GGrrrrGGrrrr
822.0,0,GGrrrrGGrrrr
823.0,0,GGrrrrGGrrrr
824.0,0,GGrrrrGGrrrr
825.0,0,GGrrrrGGrrrr
826.0,0,GGrrrrGGrrrr
827.0,0,GGrrrrGGrrrr
828.0,0,GGrrrrGGrrrr
829.0,0,GGrrrrGGrrrr
830.0,0,GGrrrrGGrrrr
831.0,0,GGrrrrGGrrrr
832.0,0,GGrrrrGGrrrr
833.0,0,GGrrrrGGrrrr
834.0,0,GGrrrrGGrrrr
835.0,0,GGrrrrGGrrrr
836.0,1,yyrrrryyrrrr
837.0,1,yyrrrryyrrrr
838.0,1,yyrrrryyrrrr
839.0,1,yyrrrryyrrrr
840.0,1,yyrrrryyrrrr
841.0,1,yyrrrryyrrrr
842.0,1,yyrrrryyrrrr
843.0,2,rrGrrrrrGrrr
844.0,2,rrGrrrrrGrrr
845.0,2,rrGrrrrrGrrr
846.0,2,rrGrrrrrGrrr
847.0,2,rrGrrrrrGrrr
848.0,2,rrGrrrrrGrrr
849.0,3,rryrrrrryrrr
850.0,3,rryrrrrryrrr
851.0,3,rryrrrrryrrr
852.0,3,rryrrrrryrrr
853.0,3,rryrrrrryrrr
854.0,3,rryrrrrryrrr
855.0,3,rryrrrrryrrr
856.0,4,rrrGGrrrrGGr
857.0,4,rrrGGrrrrGGr
858.0,4,rrrGGrrrrGGr
859.0,4,rrrGGrrrrGGr
860.0,4,rrrGGrrrrGGr
861.0,4,rrrGGrrrrGGr
862.0,4,rrrGGrrrrGGr
863.0,4,rrrGGrrrrGGr
864.0,4,rrrGGrrrrGGr
865.0,4,rrrGGrrrrGGr
866.0,4,rrrGGrrrrGGr
867.0,4,rrrGGrrrrGGr
868.0,4,rrrGGrrrrGGr
869.0,4,rrrGGrrrrGGr
870.0,4,rrrGGrrrrGGr
871.0,4,rrrGGrrrrGGr
872.0,4,rrrGGrrrrGGr
873.0,4,rrrGGrrrrGGr
874.0,4,rrrGGrrrrGGr
875.0,4,rrrGGrrrrGGr
876.0,4,rrrGGrrrrGGr
877.0,4,rrrGGrrrrGGr
878.0,4,rrrGGrrrrGGr
879.0,4,rrrGGrrrrGGr
880.0,4,rrrGGrrrrGGr
881.0,5,rrryyrrrryyr
882.0,5,rrryyrrrryyr
883.0,5,rrryyrrrryyr
884.0,5,rrryyrrrryyr
885.0,5,rrryyrrrryyr
886.0,5,rrryyrrrryyr
887.0,5,rrryyrrrryyr
888.0,6,rrrrrGrrrrrG
889.0,6,rrrrrGrrrrrG
890.0,6,rrrrrGrrrrrG
891.0,6,rrrrrGrrrrrG
892.0,6,rrrrrGrrrrrG
893.0,6,rrrrrGrrrrrG
894.0,7,rrrrryrrrrry
895.0,7,rrrrryrrrrry
896.0,7,rrrrryrrrrry
897.0,7,rrrrryrrrrry
898.0,7,rrrrryrrrrry
899.0,7,rrrrryrrrrry
900.0,7,rrrrryrrrrry
901.0,0,GGrrrrGGrrrr
902.0,0,GGrrrrGGrrrr
903.0,0,GGrrrrGGrrrr
904.0,0,GGrrrrGGrrrr
905.0,0,GGrrrrGGrrrr
906.0,0,GGrrrrGGrrrr
907.0,0,GGrrrrGGrrrr
908.0,0,GGrrrrGGrrrr
909.0,0,GGrrrrGGrrrr
910.0,0,GGrrrrGGrrrr
911.0,0,GGrrrrGGrrrr
912.0,0,GGrrrrGGrrrr
913.0,0,GGrrrrGGrrrr
914.0,0,GGrrrrGGrrrr
915.0,0,GGrrrrGGrrrr
916.0,0,GGrrrrGGrrrr
917.0,0,GGrrrrGGrrrr
918.0,0,GGrrrrGGrrrr
919.0,0,GGrrrrGGrrrr
920.0,0,GGrrrrGGrrrr
921.0,0,GGrrrrGGrrrr
922.0,0,GGrrrrGGrrrr
923.0,0,GGrrrrGGrrrr
924.0,0,GGrrrrGGrrrr
925.0,0,GGrrrrGGrrrr
926.0,1,yyrrrryyrrrr
927.0,1,yyrrrryyrrrr
928.0,1,yyrrrryyrrrr
929.0,1,yyrrrryyrrrr
930.0,1,yyrrrryyrrrr
931.0,1,yyrrrryyrrrr
932.0,1,yyrrrryyrrrr
933.0,2,rrGrrrrrGrrr
934.0,2,rrGrrrrrGrrr
935.0,2,rrGrrrrrGrrr
936.0,2,rrGrrrrrGrrr
937.0,2,rrGrrrrrGrrr
938.0,2,rrGrrrrrGrrr
939.0,3,rryrrrrryrrr
940.0,3,rryrrrrryrrr
941.0,3,rryrrrrryrrr
942.0,3,rryrrrrryrrr
943.0,3,rryrrrrryrrr
944.0,3,rryrrrrryrrr
945.0,3,rryrrrrryrrr
946.0,4,rrrGGrrrrGGr
947.0,4,rrrGGrrrrGGr
948.0,4,rrrGGrrrrGGr
949.0,4,rrrGGrrrrGGr
950.0,4,rrrGGrrrrGGr
951.0,4,rrrGGrrrrGGr
952.0,4,rrrGGrrrrGGr
953.0,4,rrrGGrrrrGGr
954.0,4,rrrGGrrrrGGr
955.0,4,rrrGGrrrrGGr
956.0,4,rrrGGrrrrGGr
957.0,4,rrrGGrrrrGGr
958.0,4,rrrGGrrrrGGr
959.0,4,rrrGGrrrrGGr
960.0,4,rrrGGrrrrGGr
961.0,4,rrrGGrrrrGGr
962.0,4,rrrGGrrrrGGr
963.0,4,rrrGGrrrrGGr
964.0,4,rrrGGrrrrGGr
965.0,4,rrrGGrrrrGGr
966.0,4,rrrGGrrrrGGr
967.0,4,rrrGGrrrrGGr
968.0,4,rrrGGrrrrGGr
969.0,4,rrrGGrrrrGGr
970.0,4,rrrGGrrrrGGr
971.0,5,rrryyrrrryyr
972.0,5,rrryyrrrryyr
973.0,5,rrryyrrrryyr
974.0,5,rrryyrrrryyr
975.0,5,rrryyrrrryyr
976.0,5,rrryyrrrryyr
977.0,5,rrryyrrrryyr
978.0,6,rrrrrGrrrrrG
979.0,6,rrrrrGrrrrrG
980.0,6,rrrrrGrrrrrG
981.0,6,rrrrrGrrrrrG
982.0,6,rrrrrGrrrrrG
983.0,6,rrrrrGrrrrrG
984.0,7,rrrrryrrrrry
985.0,7,rrrrryrrrrry
986.0,7,rrrrryrrrrry
987.0,7,rrrrryrrrrry
988.0,7,rrrrryrrrrry
989.0,7,rrrrryrrrrry
990.0,7,rrrrryrrrrry
991.0,0,GGrrrrGGrrrr
992.0,0,GGrrrrGGrrrr
993.0,0,GGrrrrGGrrrr
994.0,0,GGrrrrGGrrrr
995.0,0,GGrrrrGGrrrr
996.0,0,GGrrrrGGrrrr
997.0,0,GGrrrrGGrrrr
998.0,0,GGrrrrGGrrrr
999.0,0,GGrrrrGGrrrr
1000.0,0,GGrrrrGGrrrr
1001.0,0,GGrrrrGGrrrr
1002.0,0,GGrrrrGGrrrr
1003.0,0,GGrrrrGGrrrr
1004.0,0,GGrrrrGGrrrr
1005.0,0,GGrrrrGGrrrr
1006.0,0,GGrrrrGGrrrr
1007.0,0,GGrrrrGGrrrr
1008.0,0,GGrrrrGGrrrr
1009.0,0,GGrrrrGGrrrr
1010.0,0,GGrrrrGGrrrr
1011.0,0,GGrrrrGGrrrr
1012.0,0,GGrrrrGGrrrr
1013.0,0,GGrrrrGGrrrr
1014.0,0,GGrrrrGGrrrr
1015.0,0,GGrrrrGGrrrr
1016.0,1,yyrrrryyrrrr
1017.0,1,yyrrrryyrrrr
1018.0,1,yyrrrryyrrrr
1019.0,1,yyrrrryyrrrr
1020.0,1,yyrrrryyrrrr
1021.0,1,yyrrrryyrrrr
1022.0,1,yyrrrryyrrrr
1023.0,2,rrGrrrrrGrrr
1024.0,2,rrGrrrrrGrrr
1025.0,2,rrGrrrrrGrrr
1026.0,2,rrGrrrrrGrrr
1027.0,2,rrGrrrrrGrrr
1028.0,2,rrGrrrrrGrrr
1029.0,3,rryrrrrryrrr
1030.0,3,rryrrrrryrrr
1031.0,3,rryrrrrryrrr
1032.0,3,rryrrrrryrrr
1033.0,3,rryrrrrryrrr
1034.0,3,rryrrrrryrrr
1035.0,3,rryrrrrryrrr
1036.0,4,rrrGGrrrrGGr
1037.0,4,rrrGGrrrrGGr
1038.0,4,rrrGGrrrrGGr
1039.0,4,rrrGGrrrrGGr
1040.0,4,rrrGGrrrrGGr
1041.0,4,rrrGGrrrrGGr
1042.0,4,rrrGGrrrrGGr
1043.0,4,rrrGGrrrrGGr
1044.0,4,rrrGGrrrrGGr
1045.0,4,rrrGGrrrrGGr
1046.0,4,rrrGGrrrrGGr
1047.0,4,rrrGGrrrrGGr
1048.0,4,rrrGGrrrrGGr
1049.0,4,rrrGGrrrrGGr
1050.0,4,rrrGGrrrrGGr
1051.0,4,rrrGGrrrrGGr
1052.0,4,rrrGGrrrrGGr
1053.0,4,rrrGGrrrrGGr
1054.0,4,rrrGGrrrrGGr
1055.0,4,rrrGGrrrrGGr
1056.0,4,rrrGGrrrrGGr
1057.0,4,rrrGGrrrrGGr
1058.0,4,rrrGGrrrrGGr
1059.0,4,rrrGGrrrrGGr
1060.0,4,rrrGGrrrrGGr
1061.0,5,rrryyrrrryyr
1062.0,5,rrryyrrrryyr
1063.0,5,rrryyrrrryyr
1064.0,5,rrryyrrrryyr
1065.0,5,rrryyrrrryyr
1066.0,5,rrryyrrrryyr
1067.0,5,rrryyrrrryyr
1068.0,6,rrrrrGrrrrrG
1069.0,6,rrrrrGrrrrrG
1070.0,6,rrrrrGrrrrrG
1071.0,6,rrrrrGrrrrrG
1072.0,6,rrrrrGrrrrrG
1073.0,6,rrrrrGrrrrrG
1074.0,7,rrrrryrrrrry
1075.0,7,rrrrryrrrrry
1076.0,7,rrrrryrrrrry
1077.0,7,rrrrryrrrrry
1078.0,7,rrrrryrrrrry
1079.0,7,rrrrryrrrrry
1080.0,7,rrrrryrrrrry
1081.0,0,GGrrrrGGrrrr
1082.0,0,GGrrrrGGrrrr
1083.0,0,GGrrrrGGrrrr
1084.0,0,GGrrrrGGrrrr
1085.0,0,GGrrrrGGrrrr
1086.0,0,GGrrrrGGrrrr
1087.0,0,GGrrrrGGrrrr
1088.0,0,GGrrrrGGrrrr
1089.0,0,GGrrrrGGrrrr
1090.0,0,GGrrrrGGrrrr
1091.0,0,GGrrrrGGrrrr
1092.0,0,GGrrrrGGrrrr
1093.0,0,GGrrrrGGrrrr
1094.0,0,GGrrrrGGrrrr
1095.0,0,GGrrrrGGrrrr
1096.0,0,GGrrrrGGrrrr
1097.0,0,GGrrrrGGrrrr
1098.0,0,GGrrrrGGrrrr
1099.0,0,GGrrrrGGrrrr
1100.0,0,GGrrrrGGrrrr
1101.0,0,GGrrrrGGrrrr
1102.0,0,GGrrrrGGrrrr
1103.0,0,GGrrrrGGrrrr
1104.0,0,GGrrrrGGrrrr
1105.0,0,GGrrrrGGrrrr
1106.0,1,yyrrrryyrrrr
1107.0,1,yyrrrryyrrrr
1108.0,1,yyrrrryyrrrr
1109.0,1,yyrrrryyrrrr
1110.0,1,yyrrrryyrrrr
1111.0,1,yyrrrryyrrrr
1112.0,1,yyrrrryyrrrr
1113.0,2,rrGrrrrrGrrr
1114.0,2,rrGrrrrrGrrr
1115.0,2,rrGrrrrrGrrr
1116.0,2,rrGrrrrrGrrr
1117.0,2,rrGrrrrrGrrr
1118.0,2,rrGrrrrrGrrr
1119.0,3,rryrrrrryrrr
1120.0,3,rryrrrrryrrr
1121.0,3,rryrrrrryrrr
1122.0,3,rryrrrrryrrr
1123.0,3,rryrrrrryrrr
1124.0,3,rryrrrrryrrr
1125.0,3,rryrrrrryrrr
1126.0,4,rrrGGrrrrGGr
1127.0,4,rrrGGrrrrGGr
1128.0,4,rrrGGrrrrGGr
1129.0,4,rrrGGrrrrGGr
1130.0,4,rrrGGrrrrGGr
1131.0,4,rrrGGrrrrGGr
1132.0,4,rrrGGrrrrGGr
1133.0,4,rrrGGrrrrGGr
1134.0,4,rrrGGrrrrGGr
1135.0,4,rrrGGrrrrGGr
1136.0,4,rrrGGrrrrGGr
1137.0,4,rrrGGrrrrGGr
1138.0,4,rrrGGrrrrGGr
1139.0,4,rrrGGrrrrGGr
1140.0,4,rrrGGrrrrGGr
1141.0,4,rrrGGrrrrGGr
1142.0,4,rrrGGrrrrGGr
1143.0,4,rrrGGrrrrGGr
1144.0,4,rrrGGrrrrGGr
1145.0,4,rrrGGrrrrGGr
1146.0,4,rrrGGrrrrGGr
1147.0,4,rrrGGrrrrGGr
1148.0,4,rrrGGrrrrGGr
1149.0,4,rrrGGrrrrGGr
1150.0,4,rrrGGrrrrGGr
1151.0,5,rrryyrrrryyr
1152.0,5,rrryyrrrryyr
1153.0,5,rrryyrrrryyr
1154.0,5,rrryyrrrryyr
1155.0,5,rrryyrrrryyr
1156.0,5,rrryyrrrryyr
1157.0,5,rrryyrrrryyr
1158.0,6,rrrrrGrrrrrG
1159.0,6,rrrrrGrrrrrG
1160.0,6,rrrrrGrrrrrG
1161.0,6,rrrrrGrrrrrG
1162.0,6,rrrrrGrrrrrG
1163.0,6,rrrrrGrrrrrG
1164.0,7,rrrrryrrrrry
1165.0,7,rrrrryrrrrry
1166.0,7,rrrrryrrrrry
1167.0,7,rrrrryrrrrry
1168.0,7,rrrrryrrrrry
1169.0,7,rrrrryrrrrry
1170.0,7,rrrrryrrrrry
1171.0,0,GGrrrrGGrrrr
1172.0,0,GGrrrrGGrrrr
1173.0,0,GGrrrrGGrrrr
1174.0,0,GGrrrrGGrrrr
1175.0,0,GGrrrrGGrrrr
1176.0,0,GGrrrrGGrrrr
1177.0,0,GGrrrrGGrrrr
1178.0,0,GGrrrrGGrrrr
1179.0,0,GGrrrrGGrrrr
1180.0,0,GGrrrrGGrrrr
1181.0,0,GGrrrrGGrrrr
1182.0,0,GGrrrrGGrrrr
1183.0,0,GGrrrrGGrrrr
1184.0,0,GGrrrrGGrrrr
1185.0,0,GGrrrrGGrrrr
1186.0,0,GGrrrrGGrrrr
1187.0,0,GGrrrrGGrrrr
1188.0,0,GGrrrrGGrrrr
1189.0,0,GGrrrrGGrrrr
1190.0,0,GGrrrrGGrrrr
1191.0,0,GGrrrrGGrrrr
1192.0,0,GGrrrrGGrrrr
1193.0,0,GGrrrrGGrrrr
1194.0,0,GGrrrrGGrrrr
1195.0,0,GGrrrrGGrrrr
1196.0,1,yyrrrryyrrrr
1197.0,1,yyrrrryyrrrr
1198.0,1,yyrrrryyrrrr
1199.0,1,yyrrrryyrrrr
1200.0,1,yyrrrryyrrrr
1201.0,1,yyrrrryyrrrr
1202.0,1,yyrrrryyrrrr
1203.0,2,rrGrrrrrGrrr
1204.0,2,rrGrrrrrGrrr
1205.0,2,rrGrrrrrGrrr
1206.0,2,rrGrrrrrGrrr
1207.0,2,rrGrrrrrGrrr
1208.0,2,rrGrrrrrGrrr
1209.0,3,rryrrrrryrrr
1210.0,3,rryrrrrryrrr
1211.0,3,rryrrrrryrrr
1212.0,3,rryrrrrryrrr
1213.0,3,rryrrrrryrrr
1214.0,3,rryrrrrryrrr
1215.0,3,rryrrrrryrrr
1216.0,4,rrrGGrrrrGGr
1217.0,4,rrrGGrrrrGGr
1218.0,4,rrrGGrrrrGGr
1219.0,4,rrrGGrrrrGGr
1220.0,4,rrrGGrrrrGGr
1221.0,4,rrrGGrrrrGGr
1222.0,4,rrrGGrrrrGGr
1223.0,4,rrrGGrrrrGGr
1224.0,4,rrrGGrrrrGGr
1225.0,4,rrrGGrrrrGGr
1226.0,4,rrrGGrrrrGGr
1227.0,4,rrrGGrrrrGGr
1228.0,4,rrrGGrrrrGGr
1229.0,4,rrrGGrrrrGGr
1230.0,4,rrrGGrrrrGGr
1231.0,4,rrrGGrrrrGGr
1232.0,4,rrrGGrrrrGGr
1233.0,4,rrrGGrrrrGGr
1234.0,4,rrrGGrrrrGGr
1235.0,4,rrrGGrrrrGGr
1236.0,4,rrrGGrrrrGGr
1237.0,4,rrrGGrrrrGGr
1238.0,4,rrrGGrrrrGGr
1239.0,4,rrrGGrrrrGGr
1240.0,4,rrrGGrrrrGGr
1241.0,5,rrryyrrrryyr
1242.0,5,rrryyrrrryyr
1243.0,5,rrryyrrrryyr
1244.0,5,rrryyrrrryyr
1245.0,5,rrryyrrrryyr
1246.0,5,rrryyrrrryyr
1247.0,5,rrryyrrrryyr
1248.0,6,rrrrrGrrrrrG
1249.0,6,rrrrrGrrrrrG
1250.0,6,rrrrrGrrrrrG
1251.0,6,rrrrrGrrrrrG
1252.0,6,rrrrrGrrrrrG
1253.0,6,rrrrrGrrrrrG
1254.0,7,rrrrryrrrrry
1255.0,7,rrrrryrrrrry
1256.0,7,rrrrryrrrrry
1257.0,7,rrrrryrrrrry
1258.0,7,rrrrryrrrrry
1259.0,7,rrrrryrrrrry
1260.0,7,rrrrryrrrrry
1261.0,0,GGrrrrGGrrrr
1262.0,0,GGrrrrGGrrrr
1263.0,0,GGrrrrGGrrrr
1264.0,0,GGrrrrGGrrrr
1265.0,0,GGrrrrGGrrrr
1266.0,0,GGrrrrGGrrrr
1267.0,0,GGrrrrGGrrrr
1268.0,0,GGrrrrGGrrrr
1269.0,0,GGrrrrGGrrrr
1270.0,0,GGrrrrGGrrrr
1271.0,0,GGrrrrGGrrrr
1272.0,0,GGrrrrGGrrrr
1273.0,0,GGrrrrGGrrrr
1274.0,0,GGrrrrGGrrrr
1275.0,0,GGrrrrGGrrrr
1276.0,0,GGrrrrGGrrrr
1277.0,0,GGrrrrGGrrrr
1278.0,0,GGrrrrGGrrrr
1279.0,0,GGrrrrGGrrrr
1280.0,0,GGrrrrGGrrrr
1281.0,0,GGrrrrGGrrrr
1282.0,0,GGrrrrGGrrrr
1283.0,0,GGrrrrGGrrrr
1284.0,0,GGrrrrGGrrrr
1285.0,0,GGrrrrGGrrrr
1286.0,1,yyrrrryyrrrr
1287.0,1,yyrrrryyrrrr
1288.0,1,yyrrrryyrrrr
1289.0,1,yyrrrryyrrrr
1290.0,1,yyrrrryyrrrr
1291.0,1,yyrrrryyrrrr
1292.0,1,yyrrrryyrrrr
1293.0,2,rrGrrrrrGrrr
1294.0,2,rrGrrrrrGrrr
1295.0,2,rrGrrrrrGrrr
1296.0,2,rrGrrrrrGrrr
1297.0,2,rrGrrrrrGrrr
1298.0,2,rrGrrrrrGrrr
1299.0,3,rryrrrrryrrr
1300.0,3,rryrrrrryrrr
1301.0,3,rryrrrrryrrr
1302.0,3,rryrrrrryrrr
1303.0,3,rryrrrrryrrr
1304.0,3,rryrrrrryrrr
1305.0,3,rryrrrrryrrr
1306.0,4,rrrGGrrrrGGr
1307.0,4,rrrGGrrrrGGr
1308.0,4,rrrGGrrrrGGr
1309.0,4,rrrGGrrrrGGr
1310.0,4,rrrGGrrrrGGr
1311.0,4,rrrGGrrrrGGr
1312.0,4,rrrGGrrrrGGr
1313.0,4,rrrGGrrrrGGr
1314.0,4,rrrGGrrrrGGr
1315.0,4,rrrGGrrrrGGr
1316.0,4,rrrGGrrrrGGr
1317.0,4,rrrGGrrrrGGr
1318.0,4,rrrGGrrrrGGr
1319.0,4,rrrGGrrrrGGr
1320.0,4,rrrGGrrrrGGr
1321.0,4,rrrGGrrrrGGr
1322.0,4,rrrGGrrrrGGr
1323.0,4,rrrGGrrrrGGr
1324.0,4,rrrGGrrrrGGr
1325.0,4,rrrGGrrrrGGr
1326.0,4,rrrGGrrrrGGr
1327.0,4,rrrGGrrrrGGr
1328.0,4,rrrGGrrrrGGr
1329.0,4,rrrGGrrrrGGr
1330.0,4,rrrGGrrrrGGr
1331.0,5,rrryyrrrryyr
1332.0,5,rrryyrrrryyr
1333.0,5,rrryyrrrryyr
1334.0,5,rrryyrrrryyr
1335.0,5,rrryyrrrryyr
1336.0,5,rrryyrrrryyr
1337.0,5,rrryyrrrryyr
1338.0,6,rrrrrGrrrrrG
1339.0,6,rrrrrGrrrrrG
1340.0,6,rrrrrGrrrrrG
1341.0,6,rrrrrGrrrrrG
1342.0,6,rrrrrGrrrrrG
1343.0,6,rrrrrGrrrrrG
1344.0,7,rrrrryrrrrry
1345.0,7,rrrrryrrrrry
1346.0,7,rrrrryrrrrry
1347.0,7,rrrrryrrrrry
1348.0,7,rrrrryrrrrry
1349.0,7,rrrrryrrrrry
1350.0,7,rrrrryrrrrry
1351.0,0,GGrrrrGGrrrr
1352.0,0,GGrrrrGGrrrr
1353.0,0,GGrrrrGGrrrr
1354.0,0,GGrrrrGGrrrr
1355.0,0,GGrrrrGGrrrr
1356.0,0,GGrrrrGGrrrr
1357.0,0,GGrrrrGGrrrr
1358.0,0,GGrrrrGGrrrr
1359.0,0,GGrrrrGGrrrr
1360.0,0,GGrrrrGGrrrr
1361.0,0,GGrrrrGGrrrr
1362.0,0,GGrrrrGGrrrr
1363.0,0,GGrrrrGGrrrr
1364.0,0,GGrrrrGGrrrr
1365.0,0,GGrrrrGGrrrr
1366.0,0,GGrrrrGGrrrr
1367.0,0,GGrrrrGGrrrr
1368.0,0,GGrrrrGGrrrr
1369.0,0,GGrrrrGGrrrr
1370.0,0,GGrrrrGGrrrr
1371.0,0,GGrrrrGGrrrr
1372.0,0,GGrrrrGGrrrr
1373.0,0,GGrrrrGGrrrr
1374.0,0,GGrrrrGGrrrr
1375.0,0,GGrrrrGGrrrr
1376.0,1,yyrrrryyrrrr
1377.0,1,yyrrrryyrrrr
1378.0,1,yyrrrryyrrrr
1379.0,1,yyrrrryyrrrr
1380.0,1,yyrrrryyrrrr
1381.0,1,yyrrrryyrrrr
1382.0,1,yyrrrryyrrrr
1383.0,2,rrGrrrrrGrrr
1384.0,2,rrGrrrrrGrrr
1385.0,2,rrGrrrrrGrrr
1386.0,2,rrGrrrrrGrrr
1387.0,2,rrGrrrrrGrrr
1388.0,2,rrGrrrrrGrrr
1389.0,3,rryrrrrryrrr
1390.0,3,rryrrrrryrrr
1391.0,3,rryrrrrryrrr
1392.0,3,rryrrrrryrrr
1393.0,3,rryrrrrryrrr
1394.0,3,rryrrrrryrrr
1395.0,3,rryrrrrryrrr
1396.0,4,rrrGGrrrrGGr
1397.0,4,rrrGGrrrrGGr
1398.0,4,rrrGGrrrrGGr
1399.0,4,rrrGGrrrrGGr
1400.0,4,rrrGGrrrrGGr
1401.0,4,rrrGGrrrrGGr
1402.0,4,rrrGGrrrrGGr
1403.0,4,rrrGGrrrrGGr
1404.0,4,rrrGGrrrrGGr
1405.0,4,rrrGGrrrrGGr
1406.0,4,rrrGGrrrrGGr
1407.0,4,rrrGGrrrrGGr
1408.0,4,rrrGGrrrrGGr
1409.0,4,rrrGGrrrrGGr
1410.0,4,rrrGGrrrrGGr
1411.0,4,rrrGGrrrrGGr
1412.0,4,rrrGGrrrrGGr
1413.0,4,rrrGGrrrrGGr
1414.0,4,rrrGGrrrrGGr
1415.0,4,rrrGGrrrrGGr
1416.0,4,rrrGGrrrrGGr
1417.0,4,rrrGGrrrrGGr
1418.0,4,rrrGGrrrrGGr
1419.0,4,rrrGGrrrrGGr
1420.0,4,rrrGGrrrrGGr
1421.0,5,rrryyrrrryyr
1422.0,5,rrryyrrrryyr
1423.0,5,rrryyrrrryyr
1424.0,5,rrryyrrrryyr
1425.0,5,rrryyrrrryyr
1426.0,5,rrryyrrrryyr
1427.0,5,rrryyrrrryyr
1428.0,6,rrrrrGrrrrrG
1429.0,6,rrrrrGrrrrrG
1430.0,6,rrrrrGrrrrrG
1431.0,6,rrrrrGrrrrrG
1432.0,6,rrrrrGrrrrrG
1433.0,6,rrrrrGrrrrrG
1434.0,7,rrrrryrrrrry
1435.0,7,rrrrryrrrrry
1436.0,7,rrrrryrrrrry
1437.0,7,rrrrryrrrrry
1438.0,7,rrrrryrrrrry
1439.0,7,rrrrryrrrrry
1440.0,7,rrrrryrrrrry
1441.0,0,GGrrrrGGrrrr
1442.0,0,GGrrrrGGrrrr
1443.0,0,GGrrrrGGrrrr
1444.0,0,GGrrrrGGrrrr
1445.0,0,GGrrrrGGrrrr
1446.0,0,GGrrrrGGrrrr
1447.0,0,GGrrrrGGrrrr
1448.0,0,GGrrrrGGrrrr
1449.0,0,GGrrrrGGrrrr
1450.0,0,GGrrrrGGrrrr
1451.0,0,GGrrrrGGrrrr
1452.0,0,GGrrrrGGrrrr
1453.0,0,GGrrrrGGrrrr
1454.0,0,GGrrrrGGrrrr
1455.0,0,GGrrrrGGrrrr
1456.0,0,GGrrrrGGrrrr
1457.0,0,GGrrrrGGrrrr
1458.0,0,GGrrrrGGrrrr
1459.0,0,GGrrrrGGrrrr
1460.0,0,GGrrrrGGrrrr
1461.0,0,GGrrrrGGrrrr
1462.0,0,GGrrrrGGrrrr
1463.0,0,GGrrrrGGrrrr
1464.0,0,GGrrrrGGrrrr
1465.0,0,GGrrrrGGrrrr
1466.0,1,yyrrrryyrrrr
1467.0,1,yyrrrryyrrrr
1468.0,1,yyrrrryyrrrr
1469.0,1,yyrrrryyrrrr
1470.0,1,yyrrrryyrrrr
1471.0,1,yyrrrryyrrrr
1472.0,1,yyrrrryyrrrr
1473.0,2,rrGrrrrrGrrr
1474.0,2,rrGrrrrrGrrr
1475.0,2,rrGrrrrrGrrr
1476.0,2,rrGrrrrrGrrr
1477.0,2,rrGrrrrrGrrr
1478.0,2,rrGrrrrrGrrr
1479.0,3,rryrrrrryrrr
1480.0,3,rryrrrrryrrr
1481.0,3,rryrrrrryrrr
1482.0,3,rryrrrrryrrr
1483.0,3,rryrrrrryrrr
1484.0,3,rryrrrrryrrr
1485.0,3,rryrrrrryrrr
1486.0,4,rrrGGrrrrGGr
1487.0,4,rrrGGrrrrGGr
1488.0,4,rrrGGrrrrGGr
1489.0,4,rrrGGrrrrGGr
1490.0,4,rrrGGrrrrGGr
1491.0,4,rrrGGrrrrGGr
1492.0,4,rrrGGrrrrGGr
1493.0,4,rrrGGrrrrGGr
1494.0,4,rrrGGrrrrGGr
1495.0,4,rrrGGrrrrGGr
1496.0,4,rrrGGrrrrGGr
1497.0,4,rrrGGrrrrGGr
1498.0,4,rrrGGrrrrGGr
1499.0,4,rrrGGrrrrGGr
1500.0,4,rrrGGrrrrGGr
1501.0,4,rrrGGrrrrGGr
1502.0,4,rrrGGrrrrGGr
1503.0,4,rrrGGrrrrGGr
1504.0,4,rrrGGrrrrGGr
1505.0,4,rrrGGrrrrGGr
1506.0,4,rrrGGrrrrGGr
1507.0,4,rrrGGrrrrGGr
1508.0,4,rrrGGrrrrGGr
1509.0,4,rrrGGrrrrGGr
1510.0,4,rrrGGrrrrGGr
1511.0,5,rrryyrrrryyr
1512.0,5,rrryyrrrryyr
1513.0,5,rrryyrrrryyr
1514.0,5,rrryyrrrryyr
1515.0,5,rrryyrrrryyr
1516.0,5,rrryyrrrryyr
1517.0,5,rrryyrrrryyr
1518.0,6,rrrrrGrrrrrG
1519.0,6,rrrrrGrrrrrG
1520.0,6,rrrrrGrrrrrG
1521.0,6,rrrrrGrrrrrG
1522.0,6,rrrrrGrrrrrG
1523.0,6,rrrrrGrrrrrG
1524.0,7,rrrrryrrrrry
1525.0,7,rrrrryrrrrry
1526.0,7,rrrrryrrrrry
1527.0,7,rrrrryrrrrry
1528.0,7,rrrrryrrrrry
1529.0,7,rrrrryrrrrry
1530.0,7,rrrrryrrrrry
1531.0,0,GGrrrrGGrrrr
1532.0,0,GGrrrrGGrrrr
1533.0,0,GGrrrrGGrrrr
1534.0,0,GGrrrrGGrrrr
1535.0,0,GGrrrrGGrrrr
1536.0,0,GGrrrrGGrrrr
1537.0,0,GGrrrrGGrrrr
1538.0,0,GGrrrrGGrrrr
1539.0,0,GGrrrrGGrrrr
1540.0,0,GGrrrrGGrrrr
1541.0,0,GGrrrrGGrrrr
1542.0,0,GGrrrrGGrrrr
1543.0,0,GGrrrrGGrrrr
1544.0,0,GGrrrrGGrrrr
1545.0,0,GGrrrrGGrrrr
1546.0,0,GGrrrrGGrrrr
1547.0,0,GGrrrrGGrrrr
1548.0,0,GGrrrrGGrrrr
1549.0,0,GGrrrrGGrrrr
1550.0,0,GGrrrrGGrrrr
1551.0,0,GGrrrrGGrrrr
1552.0,0,GGrrrrGGrrrr
1553.0,0,GGrrrrGGrrrr
1554.0,0,GGrrrrGGrrrr
1555.0,0,GGrrrrGGrrrr
1556.0,1,yyrrrryyrrrr
1557.0,1,yyrrrryyrrrr
1558.0,1,yyrrrryyrrrr
1559.0,1,yyrrrryyrrrr
1560.0,1,yyrrrryyrrrr
1561.0,1,yyrrrryyrrrr
1562.0,1,yyrrrryyrrrr
1563.0,2,rrGrrrrrGrrr
1564.0,2,rrGrrrrrGrrr
1565.0,2,rrGrrrrrGrrr
1566.0,2,rrGrrrrrGrrr
1567.0,2,rrGrrrrrGrrr
1568.0,2,rrGrrrrrGrrr
1569.0,3,rryrrrrryrrr
1570.0,3,rryrrrrryrrr
1571.0,3,rryrrrrryrrr
1572.0,3,rryrrrrryrrr
1573.0,3,rryrrrrryrrr
1574.0,3,rryrrrrryrrr
1575.0,3,rryrrrrryrrr
1576.0,4,rrrGGrrrrGGr
1577.0,4,rrrGGrrrrGGr
1578.0,4,rrrGGrrrrGGr
1579.0,4,rrrGGrrrrGGr
1580.0,4,rrrGGrrrrGGr
1581.0,4,rrrGGrrrrGGr
1582.0,4,rrrGGrrrrGGr
1583.0,4,rrrGGrrrrGGr
1584.0,4,rrrGGrrrrGGr
1585.0,4,rrrGGrrrrGGr
1586.0,4,rrrGGrrrrGGr
1587.0,4,rrrGGrrrrGGr
1588.0,4,rrrGGrrrrGGr
1589.0,4,rrrGGrrrrGGr
1590.0,4,rrrGGrrrrGGr
1591.0,4,rrrGGrrrrGGr
1592.0,4,rrrGGrrrrGGr
1593.0,4,rrrGGrrrrGGr
1594.0,4,rrrGGrrrrGGr
1595.0,4,rrrGGrrrrGGr
1596.0,4,rrrGGrrrrGGr
1597.0,4,rrrGGrrrrGGr
1598.0,4,rrrGGrrrrGGr
1599.0,4,rrrGGrrrrGGr
1600.0,4,rrrGGrrrrGGr
1601.0,5,rrryyrrrryyr
1602.0,5,rrryyrrrryyr
1603.0,5,rrryyrrrryyr
1604.0,5,rrryyrrrryyr
1605.0,5,rrryyrrrryyr
1606.0,5,rrryyrrrryyr
1607.0,5,rrryyrrrryyr
1608.0,6,rrrrrGrrrrrG
1609.0,6,rrrrrGrrrrrG
1610.0,6,rrrrrGrrrrrG
1611.0,6,rrrrrGrrrrrG
1612.0,6,rrrrrGrrrrrG
1613.0,6,rrrrrGrrrrrG
1614.0,7,rrrrryrrrrry
1615.0,7,rrrrryrrrrry
1616.0,7,rrrrryrrrrry
1617.0,7,rrrrryrrrrry
1618.0,7,rrrrryrrrrry
1619.0,7,rrrrryrrrrry
1620.0,7,rrrrryrrrrry
1621.0,0,GGrrrrGGrrrr
1622.0,0,GGrrrrGGrrrr
1623.0,0,GGrrrrGGrrrr
1624.0,0,GGrrrrGGrrrr
1625.0,0,GGrrrrGGrrrr
1626.0,0,GGrrrrGGrrrr
1627.0,0,GGrrrrGGrrrr
1628.0,0,GGrrrrGGrrrr
1629.0,0,GGrrrrGGrrrr
1630.0,0,GGrrrrGGrrrr
1631.0,0,GGrrrrGGrrrr
1632.0,0,GGrrrrGGrrrr
1633.0,0,GGrrrrGGrrrr
1634.0,0,GGrrrrGGrrrr
1635.0,0,GGrrrrGGrrrr
1636.0,0,GGrrrrGGrrrr
1637.0,0,GGrrrrGGrrrr
1638.0,0,GGrrrrGGrrrr
1639.0,0,GGrrrrGGrrrr
1640.0,0,GGrrrrGGrrrr
1641.0,0,GGrrrrGGrrrr
1642.0,0,GGrrrrGGrrrr
1643.0,0,GGrrrrGGrrrr
1644.0,0,GGrrrrGGrrrr
1645.0,0,GGrrrrGGrrrr
1646.0,1,yyrrrryyrrrr
1647.0,1,yyrrrryyrrrr
1648.0,1,yyrrrryyrrrr
1649.0,1,yyrrrryyrrrr
1650.0,1,yyrrrryyrrrr
1651.0,1,yyrrrryyrrrr
1652.0,1,yyrrrryyrrrr
1653.0,2,rrGrrrrrGrrr
1654.0,2,rrGrrrrrGrrr
1655.0,2,rrGrrrrrGrrr
1656.0,2,rrGrrrrrGrrr
1657.0,2,rrGrrrrrGrrr
1658.0,2,rrGrrrrrGrrr
1659.0,3,rryrrrrryrrr
1660.0,3,rryrrrrryrrr
1661.0,3,rryrrrrryrrr
1662.0,3,rryrrrrryrrr
1663.0,3,rryrrrrryrrr
1664.0,3,rryrrrrryrrr
1665.0,3,rryrrrrryrrr
1666.0,4,rrrGGrrrrGGr
1667.0,4,rrrGGrrrrGGr
1668.0,4,rrrGGrrrrGGr
1669.0,4,rrrGGrrrrGGr
1670.0,4,rrrGGrrrrGGr
1671.0,4,rrrGGrrrrGGr
1672.0,4,rrrGGrrrrGGr
1673.0,4,rrrGGrrrrGGr
1674.0,4,rrrGGrrrrGGr
1675.0,4,rrrGGrrrrGGr
1676.0,4,rrrGGrrrrGGr
1677.0,4,rrrGGrrrrGGr
1678.0,4,rrrGGrrrrGGr
1679.0,4,rrrGGrrrrGGr
1680.0,4,rrrGGrrrrGGr
1681.0,4,rrrGGrrrrGGr
1682.0,4,rrrGGrrrrGGr
1683.0,4,rrrGGrrrrGGr
1684.0,4,rrrGGrrrrGGr
1685.0,4,rrrGGrrrrGGr
1686.0,4,rrrGGrrrrGGr
1687.0,4,rrrGGrrrrGGr
1688.0,4,rrrGGrrrrGGr
1689.0,4,rrrGGrrrrGGr
1690.0,4,rrrGGrrrrGGr
1691.0,5,rrryyrrrryyr
1692.0,5,rrryyrrrryyr
1693.0,5,rrryyrrrryyr
1694.0,5,rrryyrrrryyr
1695.0,5,rrryyrrrryyr
1696.0,5,rrryyrrrryyr
1697.0,5,rrryyrrrryyr
1698.0,6,rrrrrGrrrrrG
1699.0,6,rrrrrGrrrrrG
1700.0,6,rrrrrGrrrrrG
1701.0,6,rrrrrGrrrrrG
1702.0,6,rrrrrGrrrrrG
1703.0,6,rrrrrGrrrrrG
1704.0,7,rrrrryrrrrry
1705.0,7,rrrrryrrrrry
1706.0,7,rrrrryrrrrry
1707.0,7,rrrrryrrrrry
1708.0,7,rrrrryrrrrry
1709.0,7,rrrrryrrrrry
1710.0,7,rrrrryrrrrry
1711.0,0,GGrrrrGGrrrr
1712.0,0,GGrrrrGGrrrr
1713.0,0,GGrrrrGGrrrr
1714.0,0,GGrrrrGGrrrr
1715.0,0,GGrrrrGGrrrr
1716.0,0,GGrrrrGGrrrr
1717.0,0,GGrrrrGGrrrr
1718.0,0,GGrrrrGGrrrr
1719.0,0,GGrrrrGGrrrr
1720.0,0,GGrrrrGGrrrr
1721.0,0,GGrrrrGGrrrr
1722.0,0,GGrrrrGGrrrr
1723.0,0,GGrrrrGGrrrr
1724.0,0,GGrrrrGGrrrr
1725.0,0,GGrrrrGGrrrr
1726.0,0,GGrrrrGGrrrr
1727.0,0,GGrrrrGGrrrr
1728.0,0,GGrrrrGGrrrr
1729.0,0,GGrrrrGGrrrr
1730.0,0,GGrrrrGGrrrr
1731.0,0,GGrrrrGGrrrr
1732.0,0,GGrrrrGGrrrr
1733.0,0,GGrrrrGGrrrr
1734.0,0,GGrrrrGGrrrr
1735.0,0,GGrrrrGGrrrr
1736.0,1,yyrrrryyrrrr
1737.0,1,yyrrrryyrrrr
1738.0,1,yyrrrryyrrrr
1739.0,1,yyrrrryyrrrr
1740.0,1,yyrrrryyrrrr
1741.0,1,yyrrrryyrrrr
1742.0,1,yyrrrryyrrrr
1743.0,2,rrGrrrrrGrrr
1744.0,2,rrGrrrrrGrrr
1745.0,2,rrGrrrrrGrrr
1746.0,2,rrGrrrrrGrrr
1747.0,2,rrGrrrrrGrrr
1748.0,2,rrGrrrrrGrrr
1749.0,3,rryrrrrryrrr
1750.0,3,rryrrrrryrrr
1751.0,3,rryrrrrryrrr
1752.0,3,rryrrrrryrrr
1753.0,3,rryrrrrryrrr
1754.0,3,rryrrrrryrrr
1755.0,3,rryrrrrryrrr
1756.0,4,rrrGGrrrrGGr
1757.0,4,rrrGGrrrrGGr
1758.0,4,rrrGGrrrrGGr
1759.0,4,rrrGGrrrrGGr
1760.0,4,rrrGGrrrrGGr
1761.0,4,rrrGGrrrrGGr
1762.0,4,rrrGGrrrrGGr
1763.0,4,rrrGGrrrrGGr
1764.0,4,rrrGGrrrrGGr
1765.0,4,rrrGGrrrrGGr
1766.0,4,rrrGGrrrrGGr
1767.0,4,rrrGGrrrrGGr
1768.0,4,rrrGGrrrrGGr
1769.0,4,rrrGGrrrrGGr
1770.0,4,rrrGGrrrrGGr
1771.0,4,rrrGGrrrrGGr
1772.0,4,rrrGGrrrrGGr
1773.0,4,rrrGGrrrrGGr
1774.0,4,rrrGGrrrrGGr
1775.0,4,rrrGGrrrrGGr
1776.0,4,rrrGGrrrrGGr
1777.0,4,rrrGGrrrrGGr
1778.0,4,rrrGGrrrrGGr
1779.0,4,rrrGGrrrrGGr
1780.0,4,rrrGGrrrrGGr
1781.0,5,rrryyrrrryyr
1782.0,5,rrryyrrrryyr
1783.0,5,rrryyrrrryyr
1784.0,5,rrryyrrrryyr
1785.0,5,rrryyrrrryyr
1786.0,5,rrryyrrrryyr
1787.0,5,rrryyrrrryyr
1788.0,6,rrrrrGrrrrrG
1789.0,6,rrrrrGrrrrrG
1790.0,6,rrrrrGrrrrrG
1791.0,6,rrrrrGrrrrrG
1792.0,6,rrrrrGrrrrrG
1793.0,6,rrrrrGrrrrrG
1794.0,7,rrrrryrrrrry
1795.0,7,rrrrryrrrrry
1796.0,7,rrrrryrrrrry
1797.0,7,rrrrryrrrrry
1798.0,7,rrrrryrrrrry
1799.0,7,rrrrryrrrrry
1800.0,7,rrrrryrrrrry
1801.0,0,GGrrrrGGrrrr
1802.0,0,GGrrrrGGrrrr
1803.0,0,GGrrrrGGrrrr
1804.0,0,GGrrrrGGrrrr
1805.0,0,GGrrrrGGrrrr
1806.0,0,GGrrrrGGrrrr
1807.0,0,GGrrrrGGrrrr
1808.0,0,GGrrrrGGrrrr
1809.0,0,GGrrrrGGrrrr
1810.0,0,GGrrrrGGrrrr
1811.0,0,GGrrrrGGrrrr
1812.0,0,GGrrrrGGrrrr
1813.0,0,GGrrrrGGrrrr
1814.0,0,GGrrrrGGrrrr
1815.0,0,GGrrrrGGrrrr
1816.0,0,GGrrrrGGrrrr
1817.0,0,GGrrrrGGrrrr
1818.0,0,GGrrrrGGrrrr
1819.0,0,GGrrrrGGrrrr
1820.0,0,GGrrrrGGrrrr
1821.0,0,GGrrrrGGrrrr
1822.0,0,GGrrrrGGrrrr
1823.0,0,GGrrrrGGrrrr
1824.0,0,GGrrrrGGrrrr
1825.0,0,GGrrrrGGrrrr
1826.0,1,yyrrrryyrrrr
1827.0,1,yyrrrryyrrrr
1828.0,1,yyrrrryyrrrr
1829.0,1,yyrrrryyrrrr
1830.0,1,yyrrrryyrrrr
1831.0,1,yyrrrryyrrrr
1832.0,1,yyrrrryyrrrr
1833.0,2,rrGrrrrrGrrr
1834.0,2,rrGrrrrrGrrr
1835.0,2,rrGrrrrrGrrr
1836.0,2,rrGrrrrrGrrr
1837.0,2,rrGrrrrrGrrr
1838.0,2,rrGrrrrrGrrr
1839.0,3,rryrrrrryrrr
1840.0,3,rryrrrrryrrr
1841.0,3,rryrrrrryrrr
1842.0,3,rryrrrrryrrr
1843.0,3,rryrrrrryrrr
1844.0,3,rryrrrrryrrr
1845.0,3,rryrrrrryrrr
1846.0,4,rrrGGrrrrGGr
1847.0,4,rrrGGrrrrGGr
1848.0,4,rrrGGrrrrGGr
1849.0,4,rrrGGrrrrGGr
1850.0,4,rrrGGrrrrGGr
1851.0,4,rrrGGrrrrGGr
1852.0,4,rrrGGrrrrGGr
1853.0,4,rrrGGrrrrGGr
1854.0,4,rrrGGrrrrGGr
1855.0,4,rrrGGrrrrGGr
1856.0,4,rrrGGrrrrGGr
1857.0,4,rrrGGrrrrGGr
1858.0,4,rrrGGrrrrGGr
1859.0,4,rrrGGrrrrGGr
1860.0,4,rrrGGrrrrGGr
1861.0,4,rrrGGrrrrGGr
1862.0,4,rrrGGrrrrGGr
1863.0,4,rrrGGrrrrGGr
1864.0,4,rrrGGrrrrGGr
1865.0,4,rrrGGrrrrGGr
1866.0,4,rrrGGrrrrGGr
1867.0,4,rrrGGrrrrGGr
1868.0,4,rrrGGrrrrGGr
1869.0,4,rrrGGrrrrGGr
1870.0,4,rrrGGrrrrGGr
1871.0,5,rrryyrrrryyr
1872.0,5,rrryyrrrryyr
1873.0,5,rrryyrrrryyr
1874.0,5,rrryyrrrryyr
1875.0,5,rrryyrrrryyr
1876.0,5,rrryyrrrryyr
1877.0,5,rrryyrrrryyr
1878.0,6,rrrrrGrrrrrG
1879.0,6,rrrrrGrrrrrG
1880.0,6,rrrrrGrrrrrG
1881.0,6,rrrrrGrrrrrG
1882.0,6,rrrrrGrrrrrG
1883.0,6,rrrrrGrrrrrG
1884.0,7,rrrrryrrrrry
1885.0,7,rrrrryrrrrry
1886.0,7,rrrrryrrrrry
1887.0,7,rrrrryrrrrry
1888.0,7,rrrrryrrrrry
1889.0,7,rrrrryrrrrry
1890.0,7,rrrrryrrrrry
1891.0,0,GGrrrrGGrrrr
1892.0,0,GGrrrrGGrrrr
1893.0,0,GGrrrrGGrrrr
1894.0,0,GGrrrrGGrrrr
1895.0,0,GGrrrrGGrrrr
1896.0,0,GGrrrrGGrrrr
1897.0,0,GGrrrrGGrrrr
1898.0,0,GGrrrrGGrrrr
1899.0,0,GGrrrrGGrrrr
1900.0,0,GGrrrrGGrrrr
1901.0,0,GGrrrrGGrrrr
1902.0,0,GGrrrrGGrrrr
1903.0,0,GGrrrrGGrrrr
1904.0,0,GGrrrrGGrrrr
1905.0,0,GGrrrrGGrrrr
1906.0,0,GGrrrrGGrrrr
1907.0,0,GGrrrrGGrrrr
1908.0,0,GGrrrrGGrrrr
1909.0,0,GGrrrrGGrrrr
1910.0,0,GGrrrrGGrrrr
1911.0,0,GGrrrrGGrrrr
1912.0,0,GGrrrrGGrrrr
1913.0,0,GGrrrrGGrrrr
1914.0,0,GGrrrrGGrrrr
1915.0,0,GGrrrrGGrrrr
1916.0,1,yyrrrryyrrrr
1917.0,1,yyrrrryyrrrr
1918.0,1,yyrrrryyrrrr
1919.0,1,yyrrrryyrrrr
1920.0,1,yyrrrryyrrrr
1921.0,1,yyrrrryyrrrr
1922.0,1,yyrrrryyrrrr
1923.0,2,rrGrrrrrGrrr
1924.0,2,rrGrrrrrGrrr
1925.0,2,rrGrrrrrGrrr
1926.0,2,rrGrrrrrGrrr
1927.0,2,rrGrrrrrGrrr
1928.0,2,rrGrrrrrGrrr
1929.0,3,rryrrrrryrrr
1930.0,3,rryrrrrryrrr
1931.0,3,rryrrrrryrrr
1932.0,3,rryrrrrryrrr
1933.0,3,rryrrrrryrrr
1934.0,3,rryrrrrryrrr
1935.0,3,rryrrrrryrrr
1936.0,4,rrrGGrrrrGGr
1937.0,4,rrrGGrrrrGGr
1938.0,4,rrrGGrrrrGGr
1939.0,4,rrrGGrrrrGGr
1940.0,4,rrrGGrrrrGGr
1941.0,4,rrrGGrrrrGGr
1942.0,4,rrrGGrrrrGGr
1943.0,4,rrrGGrrrrGGr
1944.0,4,rrrGGrrrrGGr
1945.0,4,rrrGGrrrrGGr
1946.0,4,rrrGGrrrrGGr
1947.0,4,rrrGGrrrrGGr
1948.0,4,rrrGGrrrrGGr
1949.0,4,rrrGGrrrrGGr
1950.0,4,rrrGGrrrrGGr
1951.0,4,rrrGGrrrrGGr
1952.0,4,rrrGGrrrrGGr
1953.0,4,rrrGGrrrrGGr
1954.0,4,rrrGGrrrrGGr
1955.0,4,rrrGGrrrrGGr
1956.0,4,rrrGGrrrrGGr
1957.0,4,rrrGGrrrrGGr
1958.0,4,rrrGGrrrrGGr
1959.0,4,rrrGGrrrrGGr
1960.0,4,rrrGGrrrrGGr
1961.0,5,rrryyrrrryyr
1962.0,5,rrryyrrrryyr
1963.0,5,rrryyrrrryyr
1964.0,5,rrryyrrrryyr
1965.0,5,rrryyrrrryyr
1966.0,5,rrryyrrrryyr
1967.0,5,rrryyrrrryyr
1968.0,6,rrrrrGrrrrrG
1969.0,6,rrrrrGrrrrrG
1970.0,6,rrrrrGrrrrrG
1971.0,6,rrrrrGrrrrrG
1972.0,6,rrrrrGrrrrrG
1973.0,6,rrrrrGrrrrrG
1974.0,7,rrrrryrrrrry
1975.0,7,rrrrryrrrrry
1976.0,7,rrrrryrrrrry
1977.0,7,rrrrryrrrrry
1978.0,7,rrrrryrrrrry
1979.0,7,rrrrryrrrrry
1980.0,7,rrrrryrrrrry
1981.0,0,GGrrrrGGrrrr
1982.0,0,GGrrrrGGrrrr
1983.0,0,GGrrrrGGrrrr
1984.0,0,GGrrrrGGrrrr
1985.0,0,GGrrrrGGrrrr
1986.0,0,GGrrrrGGrrrr
1987.0,0,GGrrrrGGrrrr
1988.0,0,GGrrrrGGrrrr
1989.0,0,GGrrrrGGrrrr
1990.0,0,GGrrrrGGrrrr
1991.0,0,GGrrrrGGrrrr
1992.0,0,GGrrrrGGrrrr
1993.0,0,GGrrrrGGrrrr
1994.0,0,GGrrrrGGrrrr
1995.0,0,GGrrrrGGrrrr
1996.0,0,GGrrrrGGrrrr
1997.0,0,GGrrrrGGrrrr
1998.0,0,GGrrrrGGrrrr
1999.0,0,GGrrrrGGrrrr
2000.0,0,GGrrrrGGrrrr
2001.0,0,GGrrrrGGrrrr
2002.0,0,GGrrrrGGrrrr
2003.0,0,GGrrrrGGrrrr
2004.0,0,GGrrrrGGrrrr
2005.0,0,GGrrrrGGrrrr
2006.0,1,yyrrrryyrrrr
2007.0,1,yyrrrryyrrrr
2008.0,1,yyrrrryyrrrr
2009.0,1,yyrrrryyrrrr
2010.0,1,yyrrrryyrrrr
2011.0,1,yyrrrryyrrrr
2012.0,1,yyrrrryyrrrr
2013.0,2,rrGrrrrrGrrr
2014.0,2,rrGrrrrrGrrr
2015.0,2,rrGrrrrrGrrr
2016.0,2,rrGrrrrrGrrr
2017.0,2,rrGrrrrrGrrr
2018.0,2,rrGrrrrrGrrr
2019.0,3,rryrrrrryrrr
2020.0,3,rryrrrrryrrr
2021.0,3,rryrrrrryrrr
2022.0,3,rryrrrrryrrr
2023.0,3,rryrrrrryrrr
2024.0,3,rryrrrrryrrr
2025.0,3,rryrrrrryrrr
2026.0,4,rrrGGrrrrGGr
2027.0,4,rrrGGrrrrGGr
2028.0,4,rrrGGrrrrGGr
2029.0,4,rrrGGrrrrGGr
2030.0,4,rrrGGrrrrGGr
2031.0,4,rrrGGrrrrGGr
2032.0,4,rrrGGrrrrGGr
2033.0,4,rrrGGrrrrGGr
2034.0,4,rrrGGrrrrGGr
2035.0,4,rrrGGrrrrGGr
2036.0,4,rrrGGrrrrGGr
2037.0,4,rrrGGrrrrGGr
2038.0,4,rrrGGrrrrGGr
2039.0,4,rrrGGrrrrGGr
2040.0,4,rrrGGrrrrGGr
2041.0,4,rrrGGrrrrGGr
2042.0,4,rrrGGrrrrGGr
2043.0,4,rrrGGrrrrGGr
2044.0,4,rrrGGrrrrGGr
2045.0,4,rrrGGrrrrGGr
2046.0,4,rrrGGrrrrGGr
2047.0,4,rrrGGrrrrGGr
2048.0,4,rrrGGrrrrGGr
2049.0,4,rrrGGrrrrGGr
2050.0,4,rrrGGrrrrGGr
2051.0,5,rrryyrrrryyr
2052.0,5,rrryyrrrryyr
2053.0,5,rrryyrrrryyr
2054.0,5,rrryyrrrryyr
2055.0,5,rrryyrrrryyr
2056.0,5,rrryyrrrryyr
2057.0,5,rrryyrrrryyr
2058.0,6,rrrrrGrrrrrG
2059.0,6,rrrrrGrrrrrG
2060.0,6,rrrrrGrrrrrG
2061.0,6,rrrrrGrrrrrG
2062.0,6,rrrrrGrrrrrG
2063.0,6,rrrrrGrrrrrG
2064.0,7,rrrrryrrrrry
2065.0,7,rrrrryrrrrry
2066.0,7,rrrrryrrrrry
2067.0,7,rrrrryrrrrry
2068.0,7,rrrrryrrrrry
2069.0,7,rrrrryrrrrry
2070.0,7,rrrrryrrrrry
2071.0,0,GGrrrrGGrrrr
2072.0,0,GGrrrrGGrrrr
2073.0,0,GGrrrrGGrrrr
2074.0,0,GGrrrrGGrrrr
2075.0,0,GGrrrrGGrrrr
2076.0,0,GGrrrrGGrrrr
2077.0,0,GGrrrrGGrrrr
2078.0,0,GGrrrrGGrrrr
2079.0,0,GGrrrrGGrrrr
2080.0,0,GGrrrrGGrrrr
2081.0,0,GGrrrrGGrrrr
2082.0,0,GGrrrrGGrrrr
2083.0,0,GGrrrrGGrrrr
2084.0,0,GGrrrrGGrrrr
2085.0,0,GGrrrrGGrrrr
2086.0,0,GGrrrrGGrrrr
2087.0,0,GGrrrrGGrrrr
2088.0,0,GGrrrrGGrrrr
2089.0,0,GGrrrrGGrrrr
2090.0,0,GGrrrrGGrrrr
2091.0,0,GGrrrrGGrrrr
2092.0,0,GGrrrrGGrrrr
2093.0,0,GGrrrrGGrrrr
2094.0,0,GGrrrrGGrrrr
2095.0,0,GGrrrrGGrrrr
2096.0,1,yyrrrryyrrrr
2097.0,1,yyrrrryyrrrr
2098.0,1,yyrrrryyrrrr
2099.0,1,yyrrrryyrrrr
2100.0,1,yyrrrryyrrrr
2101.0,1,yyrrrryyrrrr
2102.0,1,yyrrrryyrrrr
2103.0,2,rrGrrrrrGrrr
2104.0,2,rrGrrrrrGrrr
2105.0,2,rrGrrrrrGrrr
2106.0,2,rrGrrrrrGrrr
2107.0,2,rrGrrrrrGrrr
2108.0,2,rrGrrrrrGrrr
2109.0,3,rryrrrrryrrr
2110.0,3,rryrrrrryrrr
2111.0,3,rryrrrrryrrr
2112.0,3,rryrrrrryrrr
2113.0,3,rryrrrrryrrr
2114.0,3,rryrrrrryrrr
2115.0,3,rryrrrrryrrr
2116.0,4,rrrGGrrrrGGr
2117.0,4,rrrGGrrrrGGr
2118.0,4,rrrGGrrrrGGr
2119.0,4,rrrGGrrrrGGr
2120.0,4,rrrGGrrrrGGr
2121.0,4,rrrGGrrrrGGr
2122.0,4,rrrGGrrrrGGr
2123.0,4,rrrGGrrrrGGr
2124.0,4,rrrGGrrrrGGr
2125.0,4,rrrGGrrrrGGr
2126.0,4,rrrGGrrrrGGr
2127.0,4,rrrGGrrrrGGr
2128.0,4,rrrGGrrrrGGr
2129.0,4,rrrGGrrrrGGr
2130.0,4,rrrGGrrrrGGr
2131.0,4,rrrGGrrrrGGr
2132.0,4,rrrGGrrrrGGr
2133.0,4,rrrGGrrrrGGr
2134.0,4,rrrGGrrrrGGr
2135.0,4,rrrGGrrrrGGr
2136.0,4,rrrGGrrrrGGr
2137.0,4,rrrGGrrrrGGr
2138.0,4,rrrGGrrrrGGr
2139.0,4,rrrGGrrrrGGr
2140.0,4,rrrGGrrrrGGr
2141.0,5,rrryyrrrryyr
2142.0,5,rrryyrrrryyr
2143.0,5,rrryyrrrryyr
2144.0,5,rrryyrrrryyr
2145.0,5,rrryyrrrryyr
2146.0,5,rrryyrrrryyr
2147.0,5,rrryyrrrryyr
2148.0,6,rrrrrGrrrrrG
2149.0,6,rrrrrGrrrrrG
2150.0,6,rrrrrGrrrrrG
2151.0,6,rrrrrGrrrrrG
2152.0,6,rrrrrGrrrrrG
2153.0,6,rrrrrGrrrrrG
2154.0,7,rrrrryrrrrry
2155.0,7,rrrrryrrrrry
2156.0,7,rrrrryrrrrry
2157.0,7,rrrrryrrrrry
2158.0,7,rrrrryrrrrry
2159.0,7,rrrrryrrrrry
2160.0,7,rrrrryrrrrry
2161.0,0,GGrrrrGGrrrr
2162.0,0,GGrrrrGGrrrr
2163.0,0,GGrrrrGGrrrr
2164.0,0,GGrrrrGGrrrr
2165.0,0,GGrrrrGGrrrr
2166.0,0,GGrrrrGGrrrr
2167.0,0,GGrrrrGGrrrr
2168.0,0,GGrrrrGGrrrr
2169.0,0,GGrrrrGGrrrr
2170.0,0,GGrrrrGGrrrr
2171.0,0,GGrrrrGGrrrr
2172.0,0,GGrrrrGGrrrr
2173.0,0,GGrrrrGGrrrr
2174.0,0,GGrrrrGGrrrr
2175.0,0,GGrrrrGGrrrr
2176.0,0,GGrrrrGGrrrr
2177.0,0,GGrrrrGGrrrr
2178.0,0,GGrrrrGGrrrr
2179.0,0,GGrrrrGGrrrr
2180.0,0,GGrrrrGGrrrr
2181.0,0,GGrrrrGGrrrr
2182.0,0,GGrrrrGGrrrr
2183.0,0,GGrrrrGGrrrr
2184.0,0,GGrrrrGGrrrr
2185.0,0,GGrrrrGGrrrr
2186.0,1,yyrrrryyrrrr
2187.0,1,yyrrrryyrrrr
2188.0,1,yyrrrryyrrrr
2189.0,1,yyrrrryyrrrr
2190.0,1,yyrrrryyrrrr
2191.0,1,yyrrrryyrrrr
2192.0,1,yyrrrryyrrrr
2193.0,2,rrGrrrrrGrrr
2194.0,2,rrGrrrrrGrrr
2195.0,2,rrGrrrrrGrrr
2196.0,2,rrGrrrrrGrrr
2197.0,2,rrGrrrrrGrrr
2198.0,2,rrGrrrrrGrrr
2199.0,3,rryrrrrryrrr
2200.0,3,rryrrrrryrrr
2201.0,3,rryrrrrryrrr
2202.0,3,rryrrrrryrrr
2203.0,3,rryrrrrryrrr
2204.0,3,rryrrrrryrrr
2205.0,3,rryrrrrryrrr
2206.0,4,rrrGGrrrrGGr
2207.0,4,rrrGGrrrrGGr
2208.0,4,rrrGGrrrrGGr
2209.0,4,rrrGGrrrrGGr
2210.0,4,rrrGGrrrrGGr
2211.0,4,rrrGGrrrrGGr
2212.0,4,rrrGGrrrrGGr
2213.0,4,rrrGGrrrrGGr
2214.0,4,rrrGGrrrrGGr
2215.0,4,rrrGGrrrrGGr
2216.0,4,rrrGGrrrrGGr
2217.0,4,rrrGGrrrrGGr
2218.0,4,rrrGGrrrrGGr
2219.0,4,rrrGGrrrrGGr
2220.0,4,rrrGGrrrrGGr
2221.0,4,rrrGGrrrrGGr
2222.0,4,rrrGGrrrrGGr
2223.0,4,rrrGGrrrrGGr
2224.0,4,rrrGGrrrrGGr
2225.0,4,rrrGGrrrrGGr
2226.0,4,rrrGGrrrrGGr
2227.0,4,rrrGGrrrrGGr
2228.0,4,rrrGGrrrrGGr
2229.0,4,rrrGGrrrrGGr
2230.0,4,rrrGGrrrrGGr
2231.0,5,rrryyrrrryyr
2232.0,5,rrryyrrrryyr
2233.0,5,rrryyrrrryyr
2234.0,5,rrryyrrrryyr
2235.0,5,rrryyrrrryyr
2236.0,5,rrryyrrrryyr
2237.0,5,rrryyrrrryyr
2238.0,6,rrrrrGrrrrrG
2239.0,6,rrrrrGrrrrrG
2240.0,6,rrrrrGrrrrrG
2241.0,6,rrrrrGrrrrrG
2242.0,6,rrrrrGrrrrrG
2243.0,6,rrrrrGrrrrrG
2244.0,7,rrrrryrrrrry
2245.0,7,rrrrryrrrrry
2246.0,7,rrrrryrrrrry
2247.0,7,rrrrryrrrrry
2248.0,7,rrrrryrrrrry
2249.0,7,rrrrryrrrrry
2250.0,7,rrrrryrrrrry
2251.0,0,GGrrrrGGrrrr
2252.0,0,GGrrrrGGrrrr
2253.0,0,GGrrrrGGrrrr
2254.0,0,GGrrrrGGrrrr
2255.0,0,GGrrrrGGrrrr
2256.0,0,GGrrrrGGrrrr
2257.0,0,GGrrrrGGrrrr
2258.0,0,GGrrrrGGrrrr
2259.0,0,GGrrrrGGrrrr
2260.0,0,GGrrrrGGrrrr
2261.0,0,GGrrrrGGrrrr
2262.0,0,GGrrrrGGrrrr
2263.0,0,GGrrrrGGrrrr
2264.0,0,GGrrrrGGrrrr
2265.0,0,GGrrrrGGrrrr
2266.0,0,GGrrrrGGrrrr
2267.0,0,GGrrrrGGrrrr
2268.0,0,GGrrrrGGrrrr
2269.0,0,GGrrrrGGrrrr
2270.0,0,GGrrrrGGrrrr
2271.0,0,GGrrrrGGrrrr
2272.0,0,GGrrrrGGrrrr
2273.0,0,GGrrrrGGrrrr
2274.0,0,GGrrrrGGrrrr
2275.0,0,GGrrrrGGrrrr
2276.0,1,yyrrrryyrrrr
2277.0,1,yyrrrryyrrrr
2278.0,1,yyrrrryyrrrr
2279.0,1,yyrrrryyrrrr
2280.0,1,yyrrrryyrrrr
2281.0,1,yyrrrryyrrrr
2282.0,1,yyrrrryyrrrr
2283.0,2,rrGrrrrrGrrr
2284.0,2,rrGrrrrrGrrr
2285.0,2,rrGrrrrrGrrr
2286.0,2,rrGrrrrrGrrr
2287.0,2,rrGrrrrrGrrr
2288.0,2,rrGrrrrrGrrr
2289.0,3,rryrrrrryrrr
2290.0,3,rryrrrrryrrr
2291.0,3,rryrrrrryrrr
2292.0,3,rryrrrrryrrr
2293.0,3,rryrrrrryrrr
2294.0,3,rryrrrrryrrr
2295.0,3,rryrrrrryrrr
2296.0,4,rrrGGrrrrGGr
2297.0,4,rrrGGrrrrGGr
2298.0,4,rrrGGrrrrGGr
2299.0,4,rrrGGrrrrGGr
2300.0,4,rrrGGrrrrGGr
2301.0,4,rrrGGrrrrGGr
2302.0,4,rrrGGrrrrGGr
2303.0,4,rrrGGrrrrGGr
2304.0,4,rrrGGrrrrGGr
2305.0,4,rrrGGrrrrGGr
2306.0,4,rrrGGrrrrGGr
2307.0,4,rrrGGrrrrGGr
2308.0,4,rrrGGrrrrGGr
2309.0,4,rrrGGrrrrGGr
2310.0,4,rrrGGrrrrGGr
2311.0,4,rrrGGrrrrGGr
2312.0,4,rrrGGrrrrGGr
2313.0,4,rrrGGrrrrGGr
2314.0,4,rrrGGrrrrGGr
2315.0,4,rrrGGrrrrGGr
2316.0,4,rrrGGrrrrGGr
2317.0,4,rrrGGrrrrGGr
2318.0,4,rrrGGrrrrGGr
2319.0,4,rrrGGrrrrGGr
2320.0,4,rrrGGrrrrGGr
2321.0,5,rrryyrrrryyr
2322.0,5,rrryyrrrryyr
2323.0,5,rrryyrrrryyr
2324.0,5,rrryyrrrryyr
2325.0,5,rrryyrrrryyr
2326.0,5,rrryyrrrryyr
2327.0,5,rrryyrrrryyr
2328.0,6,rrrrrGrrrrrG
2329.0,6,rrrrrGrrrrrG
2330.0,6,rrrrrGrrrrrG
2331.0,6,rrrrrGrrrrrG
2332.0,6,rrrrrGrrrrrG
2333.0,6,rrrrrGrrrrrG
2334.0,7,rrrrryrrrrry
2335.0,7,rrrrryrrrrry
2336.0,7,rrrrryrrrrry
2337.0,7,rrrrryrrrrry
2338.0,7,rrrrryrrrrry
2339.0,7,rrrrryrrrrry
2340.0,7,rrrrryrrrrry
2341.0,0,GGrrrrGGrrrr
2342.0,0,GGrrrrGGrrrr
2343.0,0,GGrrrrGGrrrr
2344.0,0,GGrrrrGGrrrr
2345.0,0,GGrrrrGGrrrr
2346.0,0,GGrrrrGGrrrr
2347.0,0,GGrrrrGGrrrr
2348.0,0,GGrrrrGGrrrr
2349.0,0,GGrrrrGGrrrr
2350.0,0,GGrrrrGGrrrr
2351.0,0,GGrrrrGGrrrr
2352.0,0,GGrrrrGGrrrr
2353.0,0,GGrrrrGGrrrr
2354.0,0,GGrrrrGGrrrr
2355.0,0,GGrrrrGGrrrr
2356.0,0,GGrrrrGGrrrr
2357.0,0,GGrrrrGGrrrr
2358.0,0,GGrrrrGGrrrr
2359.0,0,GGrrrrGGrrrr
2360.0,0,GGrrrrGGrrrr
2361.0,0,GGrrrrGGrrrr
2362.0,0,GGrrrrGGrrrr
2363.0,0,GGrrrrGGrrrr
2364.0,0,GGrrrrGGrrrr
2365.0,0,GGrrrrGGrrrr
2366.0,1,yyrrrryyrrrr
2367.0,1,yyrrrryyrrrr
2368.0,1,yyrrrryyrrrr
2369.0,1,yyrrrryyrrrr
2370.0,1,yyrrrryyrrrr
2371.0,1,yyrrrryyrrrr
2372.0,1,yyrrrryyrrrr
2373.0,2,rrGrrrrrGrrr
2374.0,2,rrGrrrrrGrrr
2375.0,2,rrGrrrrrGrrr
2376.0,2,rrGrrrrrGrrr
2377.0,2,rrGrrrrrGrrr
2378.0,2,rrGrrrrrGrrr
2379.0,3,rryrrrrryrrr
2380.0,3,rryrrrrryrrr
2381.0,3,rryrrrrryrrr
2382.0,3,rryrrrrryrrr
2383.0,3,rryrrrrryrrr
2384.0,3,rryrrrrryrrr
2385.0,3,rryrrrrryrrr
2386.0,4,rrrGGrrrrGGr
2387.0,4,rrrGGrrrrGGr
2388.0,4,rrrGGrrrrGGr
2389.0,4,rrrGGrrrrGGr
2390.0,4,rrrGGrrrrGGr
2391.0,4,rrrGGrrrrGGr
2392.0,4,rrrGGrrrrGGr
2393.0,4,rrrGGrrrrGGr
2394.0,4,rrrGGrrrrGGr
2395.0,4,rrrGGrrrrGGr
2396.0,4,rrrGGrrrrGGr
2397.0,4,rrrGGrrrrGGr
2398.0,4,rrrGGrrrrGGr
2399.0,4,rrrGGrrrrGGr
2400.0,4,rrrGGrrrrGGr
2401.0,4,rrrGGrrrrGGr
2402.0,4,rrrGGrrrrGGr
2403.0,4,rrrGGrrrrGGr
2404.0,4,rrrGGrrrrGGr
2405.0,4,rrrGGrrrrGGr
2406.0,4,rrrGGrrrrGGr
2407.0,4,rrrGGrrrrGGr
2408.0,4,rrrGGrrrrGGr
2409.0,4,rrrGGrrrrGGr
2410.0,4,rrrGGrrrrGGr
2411.0,5,rrryyrrrryyr
2412.0,5,rrryyrrrryyr
2413.0,5,rrryyrrrryyr
2414.0,5,rrryyrrrryyr
2415.0,5,rrryyrrrryyr
2416.0,5,rrryyrrrryyr
2417.0,5,rrryyrrrryyr
2418.0,6,rrrrrGrrrrrG
2419.0,6,rrrrrGrrrrrG
2420.0,6,rrrrrGrrrrrG
2421.0,6,rrrrrGrrrrrG
2422.0,6,rrrrrGrrrrrG
2423.0,6,rrrrrGrrrrrG
2424.0,7,rrrrryrrrrry
2425.0,7,rrrrryrrrrry
2426.0,7,rrrrryrrrrry
2427.0,7,rrrrryrrrrry
2428.0,7,rrrrryrrrrry
2429.0,7,rrrrryrrrrry
2430.0,7,rrrrryrrrrry
2431.0,0,GGrrrrGGrrrr
2432.0,0,GGrrrrGGrrrr
2433.0,0,GGrrrrGGrrrr
2434.0,0,GGrrrrGGrrrr
2435.0,0,GGrrrrGGrrrr
2436.0,0,GGrrrrGGrrrr
2437.0,0,GGrrrrGGrrrr
2438.0,0,GGrrrrGGrrrr
2439.0,0,GGrrrrGGrrrr
2440.0,0,GGrrrrGGrrrr
2441.0,0,GGrrrrGGrrrr
2442.0,0,GGrrrrGGrrrr
2443.0,0,GGrrrrGGrrrr
2444.0,0,GGrrrrGGrrrr
2445.0,0,GGrrrrGGrrrr
2446.0,0,GGrrrrGGrrrr
2447.0,0,GGrrrrGGrrrr
2448.0,0,GGrrrrGGrrrr
2449.0,0,GGrrrrGGrrrr
2450.0,0,GGrrrrGGrrrr
2451.0,0,GGrrrrGGrrrr
2452.0,0,GGrrrrGGrrrr
2453.0,0,GGrrrrGGrrrr
2454.0,0,GGrrrrGGrrrr
2455.0,0,GGrrrrGGrrrr
2456.0,1,yyrrrryyrrrr
2457.0,1,yyrrrryyrrrr
2458.0,1,yyrrrryyrrrr
2459.0,1,yyrrrryyrrrr
2460.0,1,yyrrrryyrrrr
2461.0,1,yyrrrryyrrrr
2462.0,1,yyrrrryyrrrr
2463.0,2,rrGrrrrrGrrr
2464.0,2,rrGrrrrrGrrr
2465.0,2,rrGrrrrrGrrr
2466.0,2,rrGrrrrrGrrr
2467.0,2,rrGrrrrrGrrr
2468.0,2,rrGrrrrrGrrr
2469.0,3,rryrrrrryrrr
2470.0,3,rryrrrrryrrr
2471.0,3,rryrrrrryrrr
2472.0,3,rryrrrrryrrr
2473.0,3,rryrrrrryrrr
2474.0,3,rryrrrrryrrr
2475.0,3,rryrrrrryrrr
2476.0,4,rrrGGrrrrGGr
2477.0,4,rrrGGrrrrGGr
2478.0,4,rrrGGrrrrGGr
2479.0,4,rrrGGrrrrGGr
2480.0,4,rrrGGrrrrGGr
2481.0,4,rrrGGrrrrGGr
2482.0,4,rrrGGrrrrGGr
2483.0,4,rrrGGrrrrGGr
2484.0,4,rrrGGrrrrGGr
2485.0,4,rrrGGrrrrGGr
2486.0,4,rrrGGrrrrGGr
2487.0,4,rrrGGrrrrGGr
2488.0,4,rrrGGrrrrGGr
2489.0,4,rrrGGrrrrGGr
2490.0,4,rrrGGrrrrGGr
2491.0,4,rrrGGrrrrGGr
2492.0,4,rrrGGrrrrGGr
2493.0,4,rrrGGrrrrGGr
2494.0,4,rrrGGrrrrGGr
2495.0,4,rrrGGrrrrGGr
2496.0,4,rrrGGrrrrGGr
2497.0,4,rrrGGrrrrGGr
2498.0,4,rrrGGrrrrGGr
2499.0,4,rrrGGrrrrGGr
2500.0,4,rrrGGrrrrGGr
2501.0,5,rrryyrrrryyr
2502.0,5,rrryyrrrryyr
2503.0,5,rrryyrrrryyr
2504.0,5,rrryyrrrryyr
2505.0,5,rrryyrrrryyr
2506.0,5,rrryyrrrryyr
2507.0,5,rrryyrrrryyr
2508.0,6,rrrrrGrrrrrG
2509.0,6,rrrrrGrrrrrG
2510.0,6,rrrrrGrrrrrG
2511.0,6,rrrrrGrrrrrG
2512.0,6,rrrrrGrrrrrG
2513.0,6,rrrrrGrrrrrG
2514.0,7,rrrrryrrrrry
2515.0,7,rrrrryrrrrry
2516.0,7,rrrrryrrrrry
2517.0,7,rrrrryrrrrry
2518.0,7,rrrrryrrrrry
2519.0,7,rrrrryrrrrry
2520.0,7,rrrrryrrrrry
2521.0,0,GGrrrrGGrrrr
2522.0,0,GGrrrrGGrrrr
2523.0,0,GGrrrrGGrrrr
2524.0,0,GGrrrrGGrrrr
2525.0,0,GGrrrrGGrrrr
2526.0,0,GGrrrrGGrrrr
2527.0,0,GGrrrrGGrrrr
2528.0,0,GGrrrrGGrrrr
2529.0,0,GGrrrrGGrrrr
2530.0,0,GGrrrrGGrrrr
2531.0,0,GGrrrrGGrrrr
2532.0,0,GGrrrrGGrrrr
2533.0,0,GGrrrrGGrrrr
2534.0,0,GGrrrrGGrrrr
2535.0,0,GGrrrrGGrrrr
2536.0,0,GGrrrrGGrrrr
2537.0,0,GGrrrrGGrrrr
2538.0,0,GGrrrrGGrrrr
2539.0,0,GGrrrrGGrrrr
2540.0,0,GGrrrrGGrrrr
2541.0,0,GGrrrrGGrrrr
2542.0,0,GGrrrrGGrrrr
2543.0,0,GGrrrrGGrrrr
2544.0,0,GGrrrrGGrrrr
2545.0,0,GGrrrrGGrrrr
2546.0,1,yyrrrryyrrrr
2547.0,1,yyrrrryyrrrr
2548.0,1,yyrrrryyrrrr
2549.0,1,yyrrrryyrrrr
2550.0,1,yyrrrryyrrrr
2551.0,1,yyrrrryyrrrr
2552.0,1,yyrrrryyrrrr
2553.0,2,rrGrrrrrGrrr
2554.0,2,rrGrrrrrGrrr
2555.0,2,rrGrrrrrGrrr
2556.0,2,rrGrrrrrGrrr
2557.0,2,rrGrrrrrGrrr
2558.0,2,rrGrrrrrGrrr
2559.0,3,rryrrrrryrrr
2560.0,3,rryrrrrryrrr
2561.0,3,rryrrrrryrrr
2562.0,3,rryrrrrryrrr
2563.0,3,rryrrrrryrrr
2564.0,3,rryrrrrryrrr
2565.0,3,rryrrrrryrrr
2566.0,4,rrrGGrrrrGGr
2567.0,4,rrrGGrrrrGGr
2568.0,4,rrrGGrrrrGGr
2569.0,4,rrrGGrrrrGGr
2570.0,4,rrrGGrrrrGGr
2571.0,4,rrrGGrrrrGGr
2572.0,4,rrrGGrrrrGGr
2573.0,4,rrrGGrrrrGGr
2574.0,4,rrrGGrrrrGGr
2575.0,4,rrrGGrrrrGGr
2576.0,4,rrrGGrrrrGGr
2577.0,4,rrrGGrrrrGGr
2578.0,4,rrrGGrrrrGGr
2579.0,4,rrrGGrrrrGGr
2580.0,4,rrrGGrrrrGGr
2581.0,4,rrrGGrrrrGGr
2582.0,4,rrrGGrrrrGGr
2583.0,4,rrrGGrrrrGGr
2584.0,4,rrrGGrrrrGGr
2585.0,4,rrrGGrrrrGGr
2586.0,4,rrrGGrrrrGGr
2587.0,4,rrrGGrrrrGGr
2588.0,4,rrrGGrrrrGGr
2589.0,4,rrrGGrrrrGGr
2590.0,4,rrrGGrrrrGGr
2591.0,5,rrryyrrrryyr
2592.0,5,rrryyrrrryyr
2593.0,5,rrryyrrrryyr
2594.0,5,rrryyrrrryyr
2595.0,5,rrryyrrrryyr
2596.0,5,rrryyrrrryyr
2597.0,5,rrryyrrrryyr
2598.0,6,rrrrrGrrrrrG
2599.0,6,rrrrrGrrrrrG
2600.0,6,rrrrrGrrrrrG
2601.0,6,rrrrrGrrrrrG
2602.0,6,rrrrrGrrrrrG
2603.0,6,rrrrrGrrrrrG
2604.0,7,rrrrryrrrrry
2605.0,7,rrrrryrrrrry
2606.0,7,rrrrryrrrrry
2607.0,7,rrrrryrrrrry
2608.0,7,rrrrryrrrrry
2609.0,7,rrrrryrrrrry
2610.0,7,rrrrryrrrrry
2611.0,0,GGrrrrGGrrrr
2612.0,0,GGrrrrGGrrrr
2613.0,0,GGrrrrGGrrrr
2614.0,0,GGrrrrGGrrrr
2615.0,0,GGrrrrGGrrrr
2616.0,0,GGrrrrGGrrrr
2617.0,0,GGrrrrGGrrrr
2618.0,0,GGrrrrGGrrrr
2619.0,0,GGrrrrGGrrrr
2620.0,0,GGrrrrGGrrrr
2621.0,0,GGrrrrGGrrrr
2622.0,0,GGrrrrGGrrrr
2623.0,0,GGrrrrGGrrrr
2624.0,0,GGrrrrGGrrrr
2625.0,0,GGrrrrGGrrrr
2626.0,0,GGrrrrGGrrrr
2627.0,0,GGrrrrGGrrrr
2628.0,0,GGrrrrGGrrrr
2629.0,0,GGrrrrGGrrrr
2630.0,0,GGrrrrGGrrrr
2631.0,0,GGrrrrGGrrrr
2632.0,0,GGrrrrGGrrrr
2633.0,0,GGrrrrGGrrrr
2634.0,0,GGrrrrGGrrrr
2635.0,0,GGrrrrGGrrrr
2636.0,1,yyrrrryyrrrr
2637.0,1,yyrrrryyrrrr
2638.0,1,yyrrrryyrrrr
2639.0,1,yyrrrryyrrrr
2640.0,1,yyrrrryyrrrr
2641.0,1,yyrrrryyrrrr
2642.0,1,yyrrrryyrrrr
2643.0,2,rrGrrrrrGrrr
2644.0,2,rrGrrrrrGrrr
2645.0,2,rrGrrrrrGrrr
2646.0,2,rrGrrrrrGrrr
2647.0,2,rrGrrrrrGrrr
2648.0,2,rrGrrrrrGrrr
2649.0,3,rryrrrrryrrr
2650.0,3,rryrrrrryrrr
2651.0,3,rryrrrrryrrr
2652.0,3,rryrrrrryrrr
2653.0,3,rryrrrrryrrr
2654.0,3,rryrrrrryrrr
2655.0,3,rryrrrrryrrr
2656.0,4,rrrGGrrrrGGr
2657.0,4,rrrGGrrrrGGr
2658.0,4,rrrGGrrrrGGr
2659.0,4,rrrGGrrrrGGr
2660.0,4,rrrGGrrrrGGr
2661.0,4,rrrGGrrrrGGr
2662.0,4,rrrGGrrrrGGr
2663.0,4,rrrGGrrrrGGr
2664.0,4,rrrGGrrrrGGr
2665.0,4,rrrGGrrrrGGr
2666.0,4,rrrGGrrrrGGr
2667.0,4,rrrGGrrrrGGr
2668.0,4,rrrGGrrrrGGr
2669.0,4,rrrGGrrrrGGr
2670.0,4,rrrGGrrrrGGr
2671.0,4,rrrGGrrrrGGr
2672.0,4,rrrGGrrrrGGr
2673.0,4,rrrGGrrrrGGr
2674.0,4,rrrGGrrrrGGr
2675.0,4,rrrGGrrrrGGr
2676.0,4,rrrGGrrrrGGr
2677.0,4,rrrGGrrrrGGr
2678.0,4,rrrGGrrrrGGr
2679.0,4,rrrGGrrrrGGr
2680.0,4,rrrGGrrrrGGr
2681.0,5,rrryyrrrryyr
2682.0,5,rrryyrrrryyr
2683.0,5,rrryyrrrryyr
2684.0,5,rrryyrrrryyr
2685.0,5,rrryyrrrryyr
2686.0,5,rrryyrrrryyr
2687.0,5,rrryyrrrryyr
2688.0,6,rrrrrGrrrrrG
2689.0,6,rrrrrGrrrrrG
2690.0,6,rrrrrGrrrrrG
2691.0,6,rrrrrGrrrrrG
2692.0,6,rrrrrGrrrrrG
2693.0,6,rrrrrGrrrrrG
2694.0,7,rrrrryrrrrry
2695.0,7,rrrrryrrrrry
2696.0,7,rrrrryrrrrry
2697.0,7,rrrrryrrrrry
2698.0,7,rrrrryrrrrry
2699.0,7,rrrrryrrrrry
2700.0,7,rrrrryrrrrry
2701.0,0,GGrrrrGGrrrr
2702.0,0,GGrrrrGGrrrr
2703.0,0,GGrrrrGGrrrr
2704.0,0,GGrrrrGGrrrr
2705.0,0,GGrrrrGGrrrr
2706.0,0,GGrrrrGGrrrr
2707.0,0,GGrrrrGGrrrr
2708.0,0,GGrrrrGGrrrr
2709.0,0,GGrrrrGGrrrr
2710.0,0,GGrrrrGGrrrr
2711.0,0,GGrrrrGGrrrr
2712.0,0,GGrrrrGGrrrr
2713.0,0,GGrrrrGGrrrr
2714.0,0,GGrrrrGGrrrr
2715.0,0,GGrrrrGGrrrr
2716.0,0,GGrrrrGGrrrr
2717.0,0,GGrrrrGGrrrr
2718.0,0,GGrrrrGGrrrr
2719.0,0,GGrrrrGGrrrr
2720.0,0,GGrrrrGGrrrr
2721.0,0,GGrrrrGGrrrr
2722.0,0,GGrrrrGGrrrr
2723.0,0,GGrrrrGGrrrr
2724.0,0,GGrrrrGGrrrr
2725.0,0,GGrrrrGGrrrr
2726.0,1,yyrrrryyrrrr
2727.0,1,yyrrrryyrrrr
2728.0,1,yyrrrryyrrrr
2729.0,1,yyrrrryyrrrr
2730.0,1,yyrrrryyrrrr
2731.0,1,yyrrrryyrrrr
2732.0,1,yyrrrryyrrrr
2733.0,2,rrGrrrrrGrrr
2734.0,2,rrGrrrrrGrrr
2735.0,2,rrGrrrrrGrrr
2736.0,2,rrGrrrrrGrrr
2737.0,2,rrGrrrrrGrrr
2738.0,2,rrGrrrrrGrrr
2739.0,3,rryrrrrryrrr
2740.0,3,rryrrrrryrrr
2741.0,3,rryrrrrryrrr
2742.0,3,rryrrrrryrrr
2743.0,3,rryrrrrryrrr
2744.0,3,rryrrrrryrrr
2745.0,3,rryrrrrryrrr
2746.0,4,rrrGGrrrrGGr
2747.0,4,rrrGGrrrrGGr
2748.0,4,rrrGGrrrrGGr
2749.0,4,rrrGGrrrrGGr
2750.0,4,rrrGGrrrrGGr
2751.0,4,rrrGGrrrrGGr
2752.0,4,rrrGGrrrrGGr
2753.0,4,rrrGGrrrrGGr
2754.0,4,rrrGGrrrrGGr
2755.0,4,rrrGGrrrrGGr
2756.0,4,rrrGGrrrrGGr
2757.0,4,rrrGGrrrrGGr
2758.0,4,rrrGGrrrrGGr
2759.0,4,rrrGGrrrrGGr
2760.0,4,rrrGGrrrrGGr
2761.0,4,rrrGGrrrrGGr
2762.0,4,rrrGGrrrrGGr
2763.0,4,rrrGGrrrrGGr
2764.0,4,rrrGGrrrrGGr
2765.0,4,rrrGGrrrrGGr
2766.0,4,rrrGGrrrrGGr
2767.0,4,rrrGGrrrrGGr
2768.0,4,rrrGGrrrrGGr
2769.0,4,rrrGGrrrrGGr
2770.0,4,rrrGGrrrrGGr
2771.0,5,rrryyrrrryyr
2772.0,5,rrryyrrrryyr
2773.0,5,rrryyrrrryyr
2774.0,5,rrryyrrrryyr
2775.0,5,rrryyrrrryyr
2776.0,5,rrryyrrrryyr
2777.0,5,rrryyrrrryyr
2778.0,6,rrrrrGrrrrrG
2779.0,6,rrrrrGrrrrrG
2780.0,6,rrrrrGrrrrrG
2781.0,6,rrrrrGrrrrrG
2782.0,6,rrrrrGrrrrrG
2783.0,6,rrrrrGrrrrrG
2784.0,7,rrrrryrrrrry
2785.0,7,rrrrryrrrrry
2786.0,7,rrrrryrrrrry
2787.0,7,rrrrryrrrrry
2788.0,7,rrrrryrrrrry
2789.0,7,rrrrryrrrrry
2790.0,7,rrrrryrrrrry
2791.0,0,GGrrrrGGrrrr
2792.0,0,GGrrrrGGrrrr
2793.0,0,GGrrrrGGrrrr
2794.0,0,GGrrrrGGrrrr
2795.0,0,GGrrrrGGrrrr
2796.0,0,GGrrrrGGrrrr
2797.0,0,GGrrrrGGrrrr
2798.0,0,GGrrrrGGrrrr
2799.0,0,GGrrrrGGrrrr
2800.0,0,GGrrrrGGrrrr
2801.0,0,GGrrrrGGrrrr
2802.0,0,GGrrrrGGrrrr
2803.0,0,GGrrrrGGrrrr
2804.0,0,GGrrrrGGrrrr
2805.0,0,GGrrrrGGrrrr
2806.0,0,GGrrrrGGrrrr
2807.0,0,GGrrrrGGrrrr
2808.0,0,GGrrrrGGrrrr
2809.0,0,GGrrrrGGrrrr
2810.0,0,GGrrrrGGrrrr
2811.0,0,GGrrrrGGrrrr
2812.0,0,GGrrrrGGrrrr
2813.0,0,GGrrrrGGrrrr
2814.0,0,GGrrrrGGrrrr
2815.0,0,GGrrrrGGrrrr
2816.0,1,yyrrrryyrrrr
2817.0,1,yyrrrryyrrrr
2818.0,1,yyrrrryyrrrr
2819.0,1,yyrrrryyrrrr
2820.0,1,yyrrrryyrrrr
2821.0,1,yyrrrryyrrrr
2822.0,1,yyrrrryyrrrr
2823.0,2,rrGrrrrrGrrr
2824.0,2,rrGrrrrrGrrr
2825.0,2,rrGrrrrrGrrr
2826.0,2,rrGrrrrrGrrr
2827.0,2,rrGrrrrrGrrr
2828.0,2,rrGrrrrrGrrr
2829.0,3,rryrrrrryrrr
2830.0,3,rryrrrrryrrr
2831.0,3,rryrrrrryrrr
2832.0,3,rryrrrrryrrr
2833.0,3,rryrrrrryrrr
2834.0,3,rryrrrrryrrr
2835.0,3,rryrrrrryrrr
2836.0,4,rrrGGrrrrGGr
2837.0,4,rrrGGrrrrGGr
2838.0,4,rrrGGrrrrGGr
2839.0,4,rrrGGrrrrGGr
2840.0,4,rrrGGrrrrGGr
2841.0,4,rrrGGrrrrGGr
2842.0,4,rrrGGrrrrGGr
2843.0,4,rrrGGrrrrGGr
2844.0,4,rrrGGrrrrGGr
2845.0,4,rrrGGrrrrGGr
2846.0,4,rrrGGrrrrGGr
2847.0,4,rrrGGrrrrGGr
2848.0,4,rrrGGrrrrGGr
2849.0,4,rrrGGrrrrGGr
2850.0,4,rrrGGrrrrGGr
2851.0,4,rrrGGrrrrGGr
2852.0,4,rrrGGrrrrGGr
2853.0,4,rrrGGrrrrGGr
2854.0,4,rrrGGrrrrGGr
2855.0,4,rrrGGrrrrGGr
2856.0,4,rrrGGrrrrGGr
2857.0,4,rrrGGrrrrGGr
2858.0,4,rrrGGrrrrGGr
2859.0,4,rrrGGrrrrGGr
2860.0,4,rrrGGrrrrGGr
2861.0,5,rrryyrrrryyr
2862.0,5,rrryyrrrryyr
2863.0,5,rrryyrrrryyr
2864.0,5,rrryyrrrryyr
2865.0,5,rrryyrrrryyr
2866.0,5,rrryyrrrryyr
2867.0,5,rrryyrrrryyr
2868.0,6,rrrrrGrrrrrG
2869.0,6,rrrrrGrrrrrG
2870.0,6,rrrrrGrrrrrG
2871.0,6,rrrrrGrrrrrG
2872.0,6,rrrrrGrrrrrG
2873.0,6,rrrrrGrrrrrG
2874.0,7,rrrrryrrrrry
2875.0,7,rrrrryrrrrry
2876.0,7,rrrrryrrrrry
2877.0,7,rrrrryrrrrry
2878.0,7,rrrrryrrrrry
2879.0,7,rrrrryrrrrry
2880.0,7,rrrrryrrrrry
2881.0,0,GGrrrrGGrrrr
2882.0,0,GGrrrrGGrrrr
2883.0,0,GGrrrrGGrrrr
2884.0,0,GGrrrrGGrrrr
2885.0,0,GGrrrrGGrrrr
2886.0,0,GGrrrrGGrrrr
2887.0,0,GGrrrrGGrrrr
2888.0,0,GGrrrrGGrrrr
2889.0,0,GGrrrrGGrrrr
2890.0,0,GGrrrrGGrrrr
2891.0,0,GGrrrrGGrrrr
2892.0,0,GGrrrrGGrrrr
2893.0,0,GGrrrrGGrrrr
2894.0,0,GGrrrrGGrrrr
2895.0,0,GGrrrrGGrrrr
2896.0,0,GGrrrrGGrrrr
2897.0,0,GGrrrrGGrrrr
2898.0,0,GGrrrrGGrrrr
2899.0,0,GGrrrrGGrrrr
2900.0,0,GGrrrrGGrrrr
2901.0,0,GGrrrrGGrrrr
2902.0,0,GGrrrrGGrrrr
2903.0,0,GGrrrrGGrrrr
2904.0,0,GGrrrrGGrrrr
2905.0,0,GGrrrrGGrrrr
2906.0,1,yyrrrryyrrrr
2907.0,1,yyrrrryyrrrr
2908.0,1,yyrrrryyrrrr
2909.0,1,yyrrrryyrrrr
2910.0,1,yyrrrryyrrrr
2911.0,1,yyrrrryyrrrr
2912.0,1,yyrrrryyrrrr
2913.0,2,rrGrrrrrGrrr
2914.0,2,rrGrrrrrGrrr
2915.0,2,rrGrrrrrGrrr
2916.0,2,rrGrrrrrGrrr
2917.0,2,rrGrrrrrGrrr
2918.0,2,rrGrrrrrGrrr
2919.0,3,rryrrrrryrrr
2920.0,3,rryrrrrryrrr
2921.0,3,rryrrrrryrrr
2922.0,3,rryrrrrryrrr
2923.0,3,rryrrrrryrrr
2924.0,3,rryrrrrryrrr
2925.0,3,rryrrrrryrrr
2926.0,4,rrrGGrrrrGGr
2927.0,4,rrrGGrrrrGGr
2928.0,4,rrrGGrrrrGGr
2929.0,4,rrrGGrrrrGGr
2930.0,4,rrrGGrrrrGGr
2931.0,4,rrrGGrrrrGGr
2932.0,4,rrrGGrrrrGGr
2933.0,4,rrrGGrrrrGGr
2934.0,4,rrrGGrrrrGGr
2935.0,4,rrrGGrrrrGGr
2936.0,4,rrrGGrrrrGGr
2937.0,4,rrrGGrrrrGGr
2938.0,4,rrrGGrrrrGGr
2939.0,4,rrrGGrrrrGGr
2940.0,4,rrrGGrrrrGGr
2941.0,4,rrrGGrrrrGGr
2942.0,4,rrrGGrrrrGGr
2943.0,4,rrrGGrrrrGGr
2944.0,4,rrrGGrrrrGGr
2945.0,4,rrrGGrrrrGGr
2946.0,4,rrrGGrrrrGGr
2947.0,4,rrrGGrrrrGGr
2948.0,4,rrrGGrrrrGGr
2949.0,4,rrrGGrrrrGGr
2950.0,4,rrrGGrrrrGGr
2951.0,5,rrryyrrrryyr
2952.0,5,rrryyrrrryyr
2953.0,5,rrryyrrrryyr
2954.0,5,rrryyrrrryyr
2955.0,5,rrryyrrrryyr
2956.0,5,rrryyrrrryyr
2957.0,5,rrryyrrrryyr
2958.0,6,rrrrrGrrrrrG
2959.0,6,rrrrrGrrrrrG
2960.0,6,rrrrrGrrrrrG
2961.0,6,rrrrrGrrrrrG
2962.0,6,rrrrrGrrrrrG
2963.0,6,rrrrrGrrrrrG
2964.0,7,rrrrryrrrrry
2965.0,7,rrrrryrrrrry
2966.0,7,rrrrryrrrrry
2967.0,7,rrrrryrrrrry
2968.0,7,rrrrryrrrrry
2969.0,7,rrrrryrrrrry
2970.0,7,rrrrryrrrrry
2971.0,0,GGrrrrGGrrrr
2972.0,0,GGrrrrGGrrrr
2973.0,0,GGrrrrGGrrrr
2974.0,0,GGrrrrGGrrrr
2975.0,0,GGrrrrGGrrrr
2976.0,0,GGrrrrGGrrrr
2977.0,0,GGrrrrGGrrrr
2978.0,0,GGrrrrGGrrrr
2979.0,0,GGrrrrGGrrrr
2980.0,0,GGrrrrGGrrrr
2981.0,0,GGrrrrGGrrrr
2982.0,0,GGrrrrGGrrrr
2983.0,0,GGrrrrGGrrrr
2984.0,0,GGrrrrGGrrrr
2985.0,0,GGrrrrGGrrrr
2986.0,0,GGrrrrGGrrrr
2987.0,0,GGrrrrGGrrrr
2988.0,0,GGrrrrGGrrrr
2989.0,0,GGrrrrGGrrrr
2990.0,0,GGrrrrGGrrrr
2991.0,0,GGrrrrGGrrrr
2992.0,0,GGrrrrGGrrrr
2993.0,0,GGrrrrGGrrrr
2994.0,0,GGrrrrGGrrrr
2995.0,0,GGrrrrGGrrrr
2996.0,1,yyrrrryyrrrr
2997.0,1,yyrrrryyrrrr
2998.0,1,yyrrrryyrrrr
2999.0,1,yyrrrryyrrrr
3000.0,1,yyrrrryyrrrr
3001.0,1,yyrrrryyrrrr
3002.0,1,yyrrrryyrrrr
3003.0,2,rrGrrrrrGrrr
3004.0,2,rrGrrrrrGrrr
3005.0,2,rrGrrrrrGrrr
3006.0,2,rrGrrrrrGrrr
3007.0,2,rrGrrrrrGrrr
3008.0,2,rrGrrrrrGrrr
3009.0,3,rryrrrrryrrr
3010.0,3,rryrrrrryrrr
3011.0,3,rryrrrrryrrr
3012.0,3,rryrrrrryrrr
3013.0,3,rryrrrrryrrr
3014.0,3,rryrrrrryrrr
3015.0,3,rryrrrrryrrr
3016.0,4,rrrGGrrrrGGr
3017.0,4,rrrGGrrrrGGr
3018.0,4,rrrGGrrrrGGr
3019.0,4,rrrGGrrrrGGr
3020.0,4,rrrGGrrrrGGr
3021.0,4,rrrGGrrrrGGr
3022.0,4,rrrGGrrrrGGr
3023.0,4,rrrGGrrrrGGr
3024.0,4,rrrGGrrrrGGr
3025.0,4,rrrGGrrrrGGr
3026.0,4,rrrGGrrrrGGr
3027.0,4,rrrGGrrrrGGr
3028.0,4,rrrGGrrrrGGr
3029.0,4,rrrGGrrrrGGr
3030.0,4,rrrGGrrrrGGr
3031.0,4,rrrGGrrrrGGr
3032.0,4,rrrGGrrrrGGr
3033.0,4,rrrGGrrrrGGr
3034.0,4,rrrGGrrrrGGr
3035.0,4,rrrGGrrrrGGr
3036.0,4,rrrGGrrrrGGr
3037.0,4,rrrGGrrrrGGr
3038.0,4,rrrGGrrrrGGr
3039.0,4,rrrGGrrrrGGr
3040.0,4,rrrGGrrrrGGr
3041.0,5,rrryyrrrryyr
3042.0,5,rrryyrrrryyr
3043.0,5,rrryyrrrryyr
3044.0,5,rrryyrrrryyr
3045.0,5,rrryyrrrryyr
3046.0,5,rrryyrrrryyr
3047.0,5,rrryyrrrryyr
3048.0,6,rrrrrGrrrrrG
3049.0,6,rrrrrGrrrrrG
3050.0,6,rrrrrGrrrrrG
3051.0,6,rrrrrGrrrrrG
3052.0,6,rrrrrGrrrrrG
3053.0,6,rrrrrGrrrrrG
3054.0,7,rrrrryrrrrry
3055.0,7,rrrrryrrrrry
3056.0,7,rrrrryrrrrry
3057.0,7,rrrrryrrrrry
3058.0,7,rrrrryrrrrry
3059.0,7,rrrrryrrrrry
3060.0,7,rrrrryrrrrry
3061.0,0,GGrrrrGGrrrr
3062.0,0,GGrrrrGGrrrr
3063.0,0,GGrrrrGGrrrr
3064.0,0,GGrrrrGGrrrr
3065.0,0,GGrrrrGGrrrr
3066.0,0,GGrrrrGGrrrr
3067.0,0,GGrrrrGGrrrr
3068.0,0,GGrrrrGGrrrr
3069.0,0,GGrrrrGGrrrr
3070.0,0,GGrrrrGGrrrr
3071.0,0,GGrrrrGGrrrr
3072.0,0,GGrrrrGGrrrr
3073.0,0,GGrrrrGGrrrr
3074.0,0,GGrrrrGGrrrr
3075.0,0,GGrrrrGGrrrr
3076.0,0,GGrrrrGGrrrr
3077.0,0,GGrrrrGGrrrr
3078.0,0,GGrrrrGGrrrr
3079.0,0,GGrrrrGGrrrr
3080.0,0,GGrrrrGGrrrr
3081.0,0,GGrrrrGGrrrr
3082.0,0,GGrrrrGGrrrr
3083.0,0,GGrrrrGGrrrr
3084.0,0,GGrrrrGGrrrr
3085.0,0,GGrrrrGGrrrr
3086.0,1,yyrrrryyrrrr
3087.0,1,yyrrrryyrrrr
3088.0,1,yyrrrryyrrrr
3089.0,1,yyrrrryyrrrr
3090.0,1,yyrrrryyrrrr
3091.0,1,yyrrrryyrrrr
3092.0,1,yyrrrryyrrrr
3093.0,2,rrGrrrrrGrrr
3094.0,2,rrGrrrrrGrrr
3095.0,2,rrGrrrrrGrrr
3096.0,2,rrGrrrrrGrrr
3097.0,2,rrGrrrrrGrrr
3098.0,2,rrGrrrrrGrrr
3099.0,3,rryrrrrryrrr
3100.0,3,rryrrrrryrrr
3101.0,3,rryrrrrryrrr
3102.0,3,rryrrrrryrrr
3103.0,3,rryrrrrryrrr
3104.0,3,rryrrrrryrrr
3105.0,3,rryrrrrryrrr
3106.0,4,rrrGGrrrrGGr
3107.0,4,rrrGGrrrrGGr
3108.0,4,rrrGGrrrrGGr
3109.0,4,rrrGGrrrrGGr
3110.0,4,rrrGGrrrrGGr
3111.0,4,rrrGGrrrrGGr
3112.0,4,rrrGGrrrrGGr
3113.0,4,rrrGGrrrrGGr
3114.0,4,rrrGGrrrrGGr
3115.0,4,rrrGGrrrrGGr
3116.0,4,rrrGGrrrrGGr
3117.0,4,rrrGGrrrrGGr
3118.0,4,rrrGGrrrrGGr
3119.0,4,rrrGGrrrrGGr
3120.0,4,rrrGGrrrrGGr
3121.0,4,rrrGGrrrrGGr
3122.0,4,rrrGGrrrrGGr
3123.0,4,rrrGGrrrrGGr
3124.0,4,rrrGGrrrrGGr
3125.0,4,rrrGGrrrrGGr
3126.0,4,rrrGGrrrrGGr
3127.0,4,rrrGGrrrrGGr
3128.0,4,rrrGGrrrrGGr
3129.0,4,rrrGGrrrrGGr
3130.0,4,rrrGGrrrrGGr
3131.0,5,rrryyrrrryyr
3132.0,5,rrryyrrrryyr
3133.0,5,rrryyrrrryyr
3134.0,5,rrryyrrrryyr
3135.0,5,rrryyrrrryyr
3136.0,5,rrryyrrrryyr
3137.0,5,rrryyrrrryyr
3138.0,6,rrrrrGrrrrrG
3139.0,6,rrrrrGrrrrrG
3140.0,6,rrrrrGrrrrrG
3141.0,6,rrrrrGrrrrrG
3142.0,6,rrrrrGrrrrrG
3143.0,6,rrrrrGrrrrrG
3144.0,7,rrrrryrrrrry
3145.0,7,rrrrryrrrrry
3146.0,7,rrrrryrrrrry
3147.0,7,rrrrryrrrrry
3148.0,7,rrrrryrrrrry
3149.0,7,rrrrryrrrrry
3150.0,7,rrrrryrrrrry
3151.0,0,GGrrrrGGrrrr
3152.0,0,GGrrrrGGrrrr
3153.0,0,GGrrrrGGrrrr
3154.0,0,GGrrrrGGrrrr
3155.0,0,GGrrrrGGrrrr
3156.0,0,GGrrrrGGrrrr
3157.0,0,GGrrrrGGrrrr
3158.0,0,GGrrrrGGrrrr
3159.0,0,GGrrrrGGrrrr
3160.0,0,GGrrrrGGrrrr
3161.0,0,GGrrrrGGrrrr
3162.0,0,GGrrrrGGrrrr
3163.0,0,GGrrrrGGrrrr
3164.0,0,GGrrrrGGrrrr
3165.0,0,GGrrrrGGrrrr
3166.0,0,GGrrrrGGrrrr
3167.0,0,GGrrrrGGrrrr
3168.0,0,GGrrrrGGrrrr
3169.0,0,GGrrrrGGrrrr
3170.0,0,GGrrrrGGrrrr
3171.0,0,GGrrrrGGrrrr
3172.0,0,GGrrrrGGrrrr
3173.0,0,GGrrrrGGrrrr
3174.0,0,GGrrrrGGrrrr
3175.0,0,GGrrrrGGrrrr
3176.0,1,yyrrrryyrrrr
3177.0,1,yyrrrryyrrrr
3178.0,1,yyrrrryyrrrr
3179.0,1,yyrrrryyrrrr
3180.0,1,yyrrrryyrrrr
3181.0,1,yyrrrryyrrrr
3182.0,1,yyrrrryyrrrr
3183.0,2,rrGrrrrrGrrr
3184.0,2,rrGrrrrrGrrr
3185.0,2,rrGrrrrrGrrr
3186.0,2,rrGrrrrrGrrr
3187.0,2,rrGrrrrrGrrr
3188.0,2,rrGrrrrrGrrr
3189.0,3,rryrrrrryrrr
3190.0,3,rryrrrrryrrr
3191.0,3,rryrrrrryrrr
3192.0,3,rryrrrrryrrr
3193.0,3,rryrrrrryrrr
3194.0,3,rryrrrrryrrr
3195.0,3,rryrrrrryrrr
3196.0,4,rrrGGrrrrGGr
3197.0,4,rrrGGrrrrGGr
3198.0,4,rrrGGrrrrGGr
3199.0,4,rrrGGrrrrGGr
3200.0,4,rrrGGrrrrGGr
3201.0,4,rrrGGrrrrGGr
3202.0,4,rrrGGrrrrGGr
3203.0,4,rrrGGrrrrGGr
3204.0,4,rrrGGrrrrGGr
3205.0,4,rrrGGrrrrGGr
3206.0,4,rrrGGrrrrGGr
3207.0,4,rrrGGrrrrGGr
3208.0,4,rrrGGrrrrGGr
3209.0,4,rrrGGrrrrGGr
3210.0,4,rrrGGrrrrGGr
3211.0,4,rrrGGrrrrGGr
3212.0,4,rrrGGrrrrGGr
3213.0,4,rrrGGrrrrGGr
3214.0,4,rrrGGrrrrGGr
3215.0,4,rrrGGrrrrGGr
3216.0,4,rrrGGrrrrGGr
3217.0,4,rrrGGrrrrGGr
3218.0,4,rrrGGrrrrGGr
3219.0,4,rrrGGrrrrGGr
3220.0,4,rrrGGrrrrGGr
3221.0,5,rrryyrrrryyr
3222.0,5,rrryyrrrryyr
3223.0,5,rrryyrrrryyr
3224.0,5,rrryyrrrryyr
3225.0,5,rrryyrrrryyr
3226.0,5,rrryyrrrryyr
3227.0,5,rrryyrrrryyr
3228.0,6,rrrrrGrrrrrG
3229.0,6,rrrrrGrrrrrG
3230.0,6,rrrrrGrrrrrG
3231.0,6,rrrrrGrrrrrG
3232.0,6,rrrrrGrrrrrG
3233.0,6,rrrrrGrrrrrG
3234.0,7,rrrrryrrrrry
3235.0,7,rrrrryrrrrry
3236.0,7,rrrrryrrrrry
3237.0,7,rrrrryrrrrry
3238.0,7,rrrrryrrrrry
3239.0,7,rrrrryrrrrry
3240.0,7,rrrrryrrrrry
3241.0,0,GGrrrrGGrrrr
3242.0,0,GGrrrrGGrrrr
3243.0,0,GGrrrrGGrrrr
3244.0,0,GGrrrrGGrrrr
3245.0,0,GGrrrrGGrrrr
3246.0,0,GGrrrrGGrrrr
3247.0,0,GGrrrrGGrrrr
3248.0,0,GGrrrrGGrrrr
3249.0,0,GGrrrrGGrrrr
3250.0,0,GGrrrrGGrrrr
3251.0,0,GGrrrrGGrrrr
3252.0,0,GGrrrrGGrrrr
3253.0,0,GGrrrrGGrrrr
3254.0,0,GGrrrrGGrrrr
3255.0,0,GGrrrrGGrrrr
3256.0,0,GGrrrrGGrrrr
3257.0,0,GGrrrrGGrrrr
3258.0,0,GGrrrrGGrrrr
3259.0,0,GGrrrrGGrrrr
3260.0,0,GGrrrrGGrrrr
3261.0,0,GGrrrrGGrrrr
3262.0,0,GGrrrrGGrrrr
3263.0,0,GGrrrrGGrrrr
3264.0,0,GGrrrrGGrrrr
3265.0,0,GGrrrrGGrrrr
3266.0,1,yyrrrryyrrrr
3267.0,1,yyrrrryyrrrr
3268.0,1,yyrrrryyrrrr
3269.0,1,yyrrrryyrrrr
3270.0,1,yyrrrryyrrrr
3271.0,1,yyrrrryyrrrr
3272.0,1,yyrrrryyrrrr
3273.0,2,rrGrrrrrGrrr
3274.0,2,rrGrrrrrGrrr
3275.0,2,rrGrrrrrGrrr
3276.0,2,rrGrrrrrGrrr
3277.0,2,rrGrrrrrGrrr
3278.0,2,rrGrrrrrGrrr
3279.0,3,rryrrrrryrrr
3280.0,3,rryrrrrryrrr
3281.0,3,rryrrrrryrrr
3282.0,3,rryrrrrryrrr
3283.0,3,rryrrrrryrrr
3284.0,3,rryrrrrryrrr
3285.0,3,rryrrrrryrrr
3286.0,4,rrrGGrrrrGGr
3287.0,4,rrrGGrrrrGGr
3288.0,4,rrrGGrrrrGGr
3289.0,4,rrrGGrrrrGGr
3290.0,4,rrrGGrrrrGGr
3291.0,4,rrrGGrrrrGGr
3292.0,4,rrrGGrrrrGGr
3293.0,4,rrrGGrrrrGGr
3294.0,4,rrrGGrrrrGGr
3295.0,4,rrrGGrrrrGGr
3296.0,4,rrrGGrrrrGGr
3297.0,4,rrrGGrrrrGGr
3298.0,4,rrrGGrrrrGGr
3299.0,4,rrrGGrrrrGGr
3300.0,4,rrrGGrrrrGGr
3301.0,4,rrrGGrrrrGGr
3302.0,4,rrrGGrrrrGGr
3303.0,4,rrrGGrrrrGGr
3304.0,4,rrrGGrrrrGGr
3305.0,4,rrrGGrrrrGGr
3306.0,4,rrrGGrrrrGGr
3307.0,4,rrrGGrrrrGGr
3308.0,4,rrrGGrrrrGGr
3309.0,4,rrrGGrrrrGGr
3310.0,4,rrrGGrrrrGGr
3311.0,5,rrryyrrrryyr
3312.0,5,rrryyrrrryyr
3313.0,5,rrryyrrrryyr
3314.0,5,rrryyrrrryyr
3315.0,5,rrryyrrrryyr
3316.0,5,rrryyrrrryyr
3317.0,5,rrryyrrrryyr
3318.0,6,rrrrrGrrrrrG
3319.0,6,rrrrrGrrrrrG
3320.0,6,rrrrrGrrrrrG
3321.0,6,rrrrrGrrrrrG
3322.0,6,rrrrrGrrrrrG
3323.0,6,rrrrrGrrrrrG
3324.0,7,rrrrryrrrrry
3325.0,7,rrrrryrrrrry
3326.0,7,rrrrryrrrrry
3327.0,7,rrrrryrrrrry
3328.0,7,rrrrryrrrrry
3329.0,7,rrrrryrrrrry
3330.0,7,rrrrryrrrrry
3331.0,0,GGrrrrGGrrrr
3332.0,0,GGrrrrGGrrrr
3333.0,0,GGrrrrGGrrrr
3334.0,0,GGrrrrGGrrrr
3335.0,0,GGrrrrGGrrrr
3336.0,0,GGrrrrGGrrrr
3337.0,0,GGrrrrGGrrrr
3338.0,0,GGrrrrGGrrrr
3339.0,0,GGrrrrGGrrrr
3340.0,0,GGrrrrGGrrrr
3341.0,0,GGrrrrGGrrrr
3342.0,0,GGrrrrGGrrrr
3343.0,0,GGrrrrGGrrrr
3344.0,0,GGrrrrGGrrrr
3345.0,0,GGrrrrGGrrrr
3346.0,0,GGrrrrGGrrrr
3347.0,0,GGrrrrGGrrrr
3348.0,0,GGrrrrGGrrrr
3349.0,0,GGrrrrGGrrrr
3350.0,0,GGrrrrGGrrrr
3351.0,0,GGrrrrGGrrrr
3352.0,0,GGrrrrGGrrrr
3353.0,0,GGrrrrGGrrrr
3354.0,0,GGrrrrGGrrrr
3355.0,0,GGrrrrGGrrrr
3356.0,1,yyrrrryyrrrr
3357.0,1,yyrrrryyrrrr
3358.0,1,yyrrrryyrrrr
3359.0,1,yyrrrryyrrrr
3360.0,1,yyrrrryyrrrr
3361.0,1,yyrrrryyrrrr
3362.0,1,yyrrrryyrrrr
3363.0,2,rrGrrrrrGrrr
3364.0,2,rrGrrrrrGrrr
3365.0,2,rrGrrrrrGrrr
3366.0,2,rrGrrrrrGrrr
3367.0,2,rrGrrrrrGrrr
3368.0,2,rrGrrrrrGrrr
3369.0,3,rryrrrrryrrr
3370.0,3,rryrrrrryrrr
3371.0,3,rryrrrrryrrr
3372.0,3,rryrrrrryrrr
3373.0,3,rryrrrrryrrr
3374.0,3,rryrrrrryrrr
3375.0,3,rryrrrrryrrr
3376.0,4,rrrGGrrrrGGr
3377.0,4,rrrGGrrrrGGr
3378.0,4,rrrGGrrrrGGr
3379.0,4,rrrGGrrrrGGr
3380.0,4,rrrGGrrrrGGr
3381.0,4,rrrGGrrrrGGr
3382.0,4,rrrGGrrrrGGr
3383.0,4,rrrGGrrrrGGr
3384.0,4,rrrGGrrrrGGr
3385.0,4,rrrGGrrrrGGr
3386.0,4,rrrGGrrrrGGr
3387.0,4,rrrGGrrrrGGr
3388.0,4,rrrGGrrrrGGr
3389.0,4,rrrGGrrrrGGr
3390.0,4,rrrGGrrrrGGr
3391.0,4,rrrGGrrrrGGr
3392.0,4,rrrGGrrrrGGr
3393.0,4,rrrGGrrrrGGr
3394.0,4,rrrGGrrrrGGr
3395.0,4,rrrGGrrrrGGr
3396.0,4,rrrGGrrrrGGr
3397.0,4,rrrGGrrrrGGr
3398.0,4,rrrGGrrrrGGr
3399.0,4,rrrGGrrrrGGr
3400.0,4,rrrGGrrrrGGr
3401.0,5,rrryyrrrryyr
3402.0,5,rrryyrrrryyr
3403.0,5,rrryyrrrryyr
3404.0,5,rrryyrrrryyr
3405.0,5,rrryyrrrryyr
3406.0,5,rrryyrrrryyr
3407.0,5,rrryyrrrryyr
3408.0,6,rrrrrGrrrrrG
3409.0,6,rrrrrGrrrrrG
3410.0,6,rrrrrGrrrrrG
3411.0,6,rrrrrGrrrrrG
3412.0,6,rrrrrGrrrrrG
3413.0,6,rrrrrGrrrrrG
3414.0,7,rrrrryrrrrry
3415.0,7,rrrrryrrrrry
3416.0,7,rrrrryrrrrry
3417.0,7,rrrrryrrrrry
3418.0,7,rrrrryrrrrry
3419.0,7,rrrrryrrrrry
3420.0,7,rrrrryrrrrry
3421.0,0,GGrrrrGGrrrr
3422.0,0,GGrrrrGGrrrr
3423.0,0,GGrrrrGGrrrr
3424.0,0,GGrrrrGGrrrr
3425.0,0,GGrrrrGGrrrr
3426.0,0,GGrrrrGGrrrr
3427.0,0,GGrrrrGGrrrr
3428.0,0,GGrrrrGGrrrr
3429.0,0,GGrrrrGGrrrr
3430.0,0,GGrrrrGGrrrr
3431.0,0,GGrrrrGGrrrr
3432.0,0,GGrrrrGGrrrr
3433.0,0,GGrrrrGGrrrr
3434.0,0,GGrrrrGGrrrr
3435.0,0,GGrrrrGGrrrr
3436.0,0,GGrrrrGGrrrr
3437.0,0,GGrrrrGGrrrr
3438.0,0,GGrrrrGGrrrr
3439.0,0,GGrrrrGGrrrr
3440.0,0,GGrrrrGGrrrr
3441.0,0,GGrrrrGGrrrr
3442.0,0,GGrrrrGGrrrr
3443.0,0,GGrrrrGGrrrr
3444.0,0,GGrrrrGGrrrr
3445.0,0,GGrrrrGGrrrr
3446.0,1,yyrrrryyrrrr
3447.0,1,yyrrrryyrrrr
3448.0,1,yyrrrryyrrrr
3449.0,1,yyrrrryyrrrr
3450.0,1,yyrrrryyrrrr
3451.0,1,yyrrrryyrrrr
3452.0,1,yyrrrryyrrrr
3453.0,2,rrGrrrrrGrrr
3454.0,2,rrGrrrrrGrrr
3455.0,2,rrGrrrrrGrrr
3456.0,2,rrGrrrrrGrrr
3457.0,2,rrGrrrrrGrrr
3458.0,2,rrGrrrrrGrrr
3459.0,3,rryrrrrryrrr
3460.0,3,rryrrrrryrrr
3461.0,3,rryrrrrryrrr
3462.0,3,rryrrrrryrrr
3463.0,3,rryrrrrryrrr
3464.0,3,rryrrrrryrrr
3465.0,3,rryrrrrryrrr
3466.0,4,rrrGGrrrrGGr
3467.0,4,rrrGGrrrrGGr
3468.0,4,rrrGGrrrrGGr
3469.0,4,rrrGGrrrrGGr
3470.0,4,rrrGGrrrrGGr
3471.0,4,rrrGGrrrrGGr
3472.0,4,rrrGGrrrrGGr
3473.0,4,rrrGGrrrrGGr
3474.0,4,rrrGGrrrrGGr
3475.0,4,rrrGGrrrrGGr
3476.0,4,rrrGGrrrrGGr
3477.0,4,rrrGGrrrrGGr
3478.0,4,rrrGGrrrrGGr
3479.0,4,rrrGGrrrrGGr
3480.0,4,rrrGGrrrrGGr
3481.0,4,rrrGGrrrrGGr
3482.0,4,rrrGGrrrrGGr
3483.0,4,rrrGGrrrrGGr
3484.0,4,rrrGGrrrrGGr
3485.0,4,rrrGGrrrrGGr
3486.0,4,rrrGGrrrrGGr
3487.0,4,rrrGGrrrrGGr
3488.0,4,rrrGGrrrrGGr
3489.0,4,rrrGGrrrrGGr
3490.0,4,rrrGGrrrrGGr
3491.0,5,rrryyrrrryyr
3492.0,5,rrryyrrrryyr
3493.0,5,rrryyrrrryyr
3494.0,5,rrryyrrrryyr
3495.0,5,rrryyrrrryyr
3496.0,5,rrryyrrrryyr
3497.0,5,rrryyrrrryyr
3498.0,6,rrrrrGrrrrrG
3499.0,6,rrrrrGrrrrrG
3500.0,6,rrrrrGrrrrrG
3501.0,6,rrrrrGrrrrrG
3502.0,6,rrrrrGrrrrrG
3503.0,6,rrrrrGrrrrrG
3504.0,7,rrrrryrrrrry
3505.0,7,rrrrryrrrrry
3506.0,7,rrrrryrrrrry
3507.0,7,rrrrryrrrrry
3508.0,7,rrrrryrrrrry
3509.0,7,rrrrryrrrrry
3510.0,7,rrrrryrrrrry
3511.0,0,GGrrrrGGrrrr
3512.0,0,GGrrrrGGrrrr
3513.0,0,GGrrrrGGrrrr
3514.0,0,GGrrrrGGrrrr
3515.0,0,GGrrrrGGrrrr
3516.0,0,GGrrrrGGrrrr
3517.0,0,GGrrrrGGrrrr
3518.0,0,GGrrrrGGrrrr
3519.0,0,GGrrrrGGrrrr
3520.0,0,GGrrrrGGrrrr
3521.0,0,GGrrrrGGrrrr
3522.0,0,GGrrrrGGrrrr
3523.0,0,GGrrrrGGrrrr
3524.0,0,GGrrrrGGrrrr
3525.0,0,GGrrrrGGrrrr
3526.0,0,GGrrrrGGrrrr
3527.0,0,GGrrrrGGrrrr
3528.0,0,GGrrrrGGrrrr
3529.0,0,GGrrrrGGrrrr
3530.0,0,GGrrrrGGrrrr
3531.0,0,GGrrrrGGrrrr
3532.0,0,GGrrrrGGrrrr
3533.0,0,GGrrrrGGrrrr
3534.0,0,GGrrrrGGrrrr
3535.0,0,GGrrrrGGrrrr
3536.0,1,yyrrrryyrrrr
3537.0,1,yyrrrryyrrrr
3538.0,1,yyrrrryyrrrr
3539.0,1,yyrrrryyrrrr
3540.0,1,yyrrrryyrrrr
3541.0,1,yyrrrryyrrrr
3542.0,1,yyrrrryyrrrr
3543.0,2,rrGrrrrrGrrr
3544.0,2,rrGrrrrrGrrr
3545.0,2,rrGrrrrrGrrr
3546.0,2,rrGrrrrrGrrr
3547.0,2,rrGrrrrrGrrr
3548.0,2,rrGrrrrrGrrr
3549.0,3,rryrrrrryrrr
3550.0,3,rryrrrrryrrr
3551.0,3,rryrrrrryrrr
3552.0,3,rryrrrrryrrr
3553.0,3,rryrrrrryrrr
3554.0,3,rryrrrrryrrr
3555.0,3,rryrrrrryrrr
3556.0,4,rrrGGrrrrGGr
3557.0,4,rrrGGrrrrGGr
3558.0,4,rrrGGrrrrGGr
3559.0,4,rrrGGrrrrGGr
3560.0,4,rrrGGrrrrGGr
3561.0,4,rrrGGrrrrGGr
3562.0,4,rrrGGrrrrGGr
3563.0,4,rrrGGrrrrGGr
3564.0,4,rrrGGrrrrGGr
3565.0,4,rrrGGrrrrGGr
3566.0,4,rrrGGrrrrGGr
3567.0,4,rrrGGrrrrGGr
3568.0,4,rrrGGrrrrGGr
3569.0,4,rrrGGrrrrGGr
3570.0,4,rrrGGrrrrGGr
3571.0,4,rrrGGrrrrGGr
3572.0,4,rrrGGrrrrGGr
3573.0,4,rrrGGrrrrGGr
3574.0,4,rrrGGrrrrGGr
3575.0,4,rrrGGrrrrGGr
3576.0,4,rrrGGrrrrGGr
3577.0,4,rrrGGrrrrGGr
3578.0,4,rrrGGrrrrGGr
3579.0,4,rrrGGrrrrGGr
3580.0,4,rrrGGrrrrGGr
3581.0,5,rrryyrrrryyr
3582.0,5,rrryyrrrryyr
3583.0,5,rrryyrrrryyr
3584.0,5,rrryyrrrryyr
3585.0,5,rrryyrrrryyr
3586.0,5,rrryyrrrryyr
3587.0,5,rrryyrrrryyr
3588.0,6,rrrrrGrrrrrG
3589.0,6,rrrrrGrrrrrG
3590.0,6,rrrrrGrrrrrG
3591.0,6,rrrrrGrrrrrG
3592.0,6,rrrrrGrrrrrG
3593.0,6,rrrrrGrrrrrG
3594.0,7,rrrrryrrrrry
3595.0,7,rrrrryrrrrry
3596.0,7,rrrrryrrrrry
3597.0,7,rrrrryrrrrry
3598.0,7,rrrrryrrrrry
3599.0,7,rrrrryrrrrry
3600.0,7,rrrrryrrrrry
